fold,ID,abs_r49,shap_raw_margin_abs_r49
1,6,4.4,-0.0564180016517639
1,569,19.32,0.145420417189598
1,1712,5.82,-0.0424987114965915
1,1892,0.0,-0.0434212535619735
1,2820,0.0,-0.0699850395321846
1,2993,73.17,0.2539210617542267
1,3701,13.05,0.1264869570732116
1,4319,0.0,-0.0770828649401664
1,4646,0.0,-0.1172806099057197
1,4694,0.0,-0.047054398804903
1,4704,0.0,-0.0664642825722694
1,5020,51.65,0.200431153178215
1,7873,12.59,0.1155260950326919
1,7933,129.97,0.2238837033510208
1,8196,0.0,-0.0329247638583183
1,8294,13.6,0.1550935357809066
1,8743,0.0,-0.0830624178051948
1,8999,0.0,-0.0811731442809104
1,9983,7.22,-0.0276609472930431
1,10187,0.0,-0.0717533752322197
1,10264,24.68,0.1432423591613769
1,10972,8.14,-0.0313033387064933
1,12933,10.49,0.0543766692280769
1,12966,5.61,-0.0505192056298255
1,13146,5.41,-0.0371801406145095
1,13802,0.0,-0.0438771322369575
1,14062,3.59,-0.0682000741362571
1,14487,13.75,0.0956029742956161
1,14750,2.02,-0.1264626532793045
1,14826,0.0,-0.0958361774682998
1,14869,1.36,-0.1410475671291351
1,15505,19.0,0.0948957502841949
1,15664,24.46,0.1634550541639328
1,15674,9.2,-0.0118424808606505
1,16199,4.53,-0.051002450287342
1,16248,12.47,0.1047865003347396
1,16882,0.0,-0.0681118667125701
1,17859,0.62,-0.1609241962432861
1,18017,36.15,0.1645201593637466
1,18298,17.96,0.1018617078661918
1,18332,50.74,0.1959588825702667
1,18407,19.22,0.1523194313049316
1,19033,13.61,0.1125981137156486
1,19106,8.34,0.0131172453984618
1,19689,0.0,-0.0597937107086181
1,19748,0.0,-0.073477990925312
1,20401,0.0,-0.0392146334052085
1,20779,4.77,-0.043105486780405
1,20837,7.99,-0.0227370802313089
1,22107,3.39,-0.0889409482479095
1,22955,2.82,-0.0750042349100112
1,23561,8.0,-0.0271255336701869
1,24739,0.0,-0.0480083934962749
1,24944,4.22,-0.0526358224451541
1,25047,36.49,0.1216009482741355
1,25112,0.0,-0.0882220789790153
1,25194,9.59,-0.0045638419687747
1,25727,0.0,-0.0771946907043457
1,25923,0.0,-0.0629479438066482
1,26421,11.13,0.043903324753046
1,27973,45.84,0.1116270199418068
1,28350,57.47,0.2004256546497345
1,28390,6.29,-0.0237347576767206
1,28646,0.0,-0.1031845733523368
1,29062,4.76,-0.0328355953097343
1,29170,18.9,0.1052175015211105
1,30334,2.31,-0.0999780148267746
1,30478,12.92,0.152836263179779
1,30502,0.0,-0.0332865267992019
1,30807,0.89,-0.1125781908631324
1,31451,22.2,0.137121170759201
1,31493,5.65,-0.0523899421095848
1,32174,0.0,-0.0578558370471
1,32690,30.86,0.1530173569917678
1,33095,24.46,0.1422849744558334
1,34228,4.17,-0.0345849655568599
1,34341,21.89,0.1196344196796417
1,34949,79.28,0.3032315671443939
1,35071,6.1,-0.0292143430560827
1,35417,0.0,-0.0448529757559299
1,35746,0.0,-0.0681159943342208
1,37215,9.73,0.0169303137809038
1,37299,4.61,-0.0601411424577236
1,37752,33.09,0.1504867970943451
1,38271,17.97,0.1305507570505142
1,38468,0.0,-0.0657476633787155
1,39172,8.58,0.0109657095745205
1,39323,0.0,-0.0516185127198696
1,39347,3.96,-0.0632237419486045
1,39538,0.0,-0.0710639804601669
1,39570,3.83,-0.0694092810153961
1,39899,25.78,0.1982858330011367
1,40237,0.0,-0.073196068406105
1,40935,3.32,-0.0636803954839706
1,41002,0.0,-0.026538360863924
1,41379,0.0,-0.0519935674965381
1,41533,9.25,0.0044990042224526
1,42238,0.0,-0.0452889464795589
1,42277,0.0,-0.0648412629961967
1,42826,2.37,-0.1230732873082161
1,43428,6.25,-0.0216954573988914
1,43451,4.53,-0.049078993499279
1,43783,3.35,-0.0951514169573783
1,44181,1.87,-0.1085883229970932
1,44572,18.64,0.1330661922693252
1,44718,7.87,-0.0314380973577499
1,45525,0.0,-0.0741658136248588
1,45854,8.11,-0.0304136537015438
1,46223,10.92,0.0558438077569007
1,47294,12.9,0.1046762764453888
1,47417,6.89,-0.0415079146623611
1,48014,6.14,-0.0353976227343082
1,48456,9.59,0.020422700792551
1,48599,14.29,0.1140991300344467
1,49378,2.42,-0.0732504352927208
1,49782,16.36,0.1456065773963928
1,50078,0.0,-0.0719446018338203
1,50131,56.76,0.2169604003429412
1,51121,0.0,-0.0768365710973739
1,51147,0.0,-0.0516175180673599
1,51230,10.07,0.0664621144533157
1,51692,7.51,-0.0244296137243509
1,52396,3.59,-0.0806448757648468
1,52576,0.0,-0.0454588755965232
1,52801,9.66,0.0058487732894718
1,52902,6.47,-0.0315429531037807
1,54016,11.32,0.0259774439036846
1,54271,31.08,0.1480116993188858
1,54651,0.0,-0.0669695883989334
1,54930,8.0,-0.0326242931187152
1,55209,14.23,0.0923685505986213
1,55889,0.0,-0.1190303713083267
1,55899,2.7,-0.0971896275877952
1,56528,11.26,0.0739879012107849
1,56874,7.56,-0.0382150784134864
1,57166,1.87,-0.109112910926342
1,57457,66.07,0.1887723058462143
1,57755,12.27,0.1072907373309135
1,57890,10.3,0.0437939576804637
1,58205,6.94,-0.0501096993684768
1,59895,12.67,0.1287325322628021
1,60101,19.34,0.1089828535914421
1,60252,33.83,0.1277190893888473
1,60482,36.76,0.1612747609615326
1,61089,3.58,-0.0727879777550697
1,61197,19.95,0.1125627234578132
1,61861,0.0,-0.0774047076702117
1,61877,29.73,0.195561021566391
1,61927,1.5,-0.1485905200242996
1,62031,0.0,-0.0502177365124225
1,62940,2.57,-0.0913391634821891
1,63186,0.0,-0.0817924290895462
1,63493,0.0,-0.0483646839857101
1,64243,5.88,-0.030894661322236
1,64322,3.35,-0.0842797607183456
1,65206,6.35,-0.0306990426033735
1,65909,3.49,-0.0882285982370376
1,66195,7.95,-0.0210995003581047
1,66510,5.54,-0.0441925562918186
1,66775,0.0,-0.0644158869981765
1,67945,8.29,-0.0334563255310058
1,68203,11.11,0.0141889387741684
1,68270,8.58,-0.0134743275120854
1,69538,30.62,0.2408830225467682
1,69650,0.0,-0.0415918640792369
1,69739,21.8,0.2013618350028991
1,69754,8.38,-0.0180191677063703
1,70135,0.0,-0.0649921149015426
1,70475,7.35,-0.0320255458354949
1,70828,0.0,-0.0198417268693447
1,71075,8.62,-0.0013340584700927
1,71088,1.96,-0.0816981866955757
1,71447,0.0,-0.0543493330478668
1,72095,8.77,0.0310647115111351
1,72337,1.61,-0.0773953944444656
1,72460,26.47,0.1716904640197754
1,72566,5.74,-0.0389555729925632
1,73936,6.32,-0.0310599636286497
1,74143,7.54,-0.0396761372685432
1,74870,6.1,-0.0347507148981094
1,75166,5.73,-0.0150631051510572
1,75626,10.36,0.0347765274345874
1,75680,6.42,-0.026521848514676
1,76988,10.56,0.0630789920687675
1,77012,18.24,0.1013156175613403
1,77764,0.0,-0.0328050926327705
1,77800,0.0,-0.067994125187397
1,78292,0.0,-0.0476311817765235
1,78658,9.21,0.0121171222999691
1,78721,8.36,0.0127210840582847
1,78907,0.0,-0.0462907552719116
1,79292,27.98,0.1851155012845993
1,79415,34.25,0.1471273601055145
1,80191,1.73,-0.1209319904446601
1,80250,0.0,-0.0499390214681625
1,80881,0.0,-0.0932308360934257
1,82497,19.26,0.1440029740333557
1,83038,24.01,0.1274670660495758
1,83232,22.03,0.1626186072826385
1,83848,5.03,-0.0398356653749942
1,83936,0.0,-0.0541339889168739
1,84474,0.0,-0.0465331077575683
1,85022,7.26,-0.0285493172705173
1,85066,0.0,-0.0680714175105094
1,85322,5.63,-0.0428689755499362
1,85376,0.0,-0.0489341877400875
1,86509,25.0,0.1881794780492782
1,86744,13.51,0.1063602492213249
1,87041,4.65,-0.0479490309953689
1,87703,1.65,-0.1159419193863868
1,88532,1.31,-0.1153649613261222
1,88704,4.38,-0.0423333309590816
1,88817,11.34,0.057991549372673
1,88878,27.65,0.1589837819337844
1,89255,58.08,0.2246971279382705
1,89951,18.31,0.143220916390419
1,90150,0.0,-0.0479817204177379
1,90309,18.5,0.1033402681350708
1,90330,2.45,-0.0986227914690971
1,90385,23.23,0.1787069141864776
1,91536,10.93,0.0317637026309967
1,92248,9.65,0.0056271110661327
1,92486,6.74,-0.0311144459992647
1,92991,2.59,-0.0769474059343338
1,93833,4.48,-0.0603043660521507
1,94407,17.41,0.0874377936124801
1,95132,1.31,-0.1217793598771095
1,95141,4.86,-0.0442078113555908
1,95641,2.88,-0.0820085406303405
1,95753,3.16,-0.1067258939146995
1,95875,5.44,-0.0491954833269119
1,95979,4.97,-0.056760199368
1,96141,3.48,-0.0900415256619453
1,96875,19.42,0.1056462675333023
1,96999,0.0,-0.0470679476857185
1,97175,5.98,-0.0177046228200197
1,97225,0.0,-0.1040590852499008
1,97323,17.02,0.1380280405282974
1,97457,9.87,0.013487453572452
1,97467,10.6,0.0419235154986381
1,98236,0.0,-0.0953165888786315
1,100112,1.42,-0.1064374297857284
1,101973,0.0,-0.0726441070437431
1,102368,45.93,0.159750759601593
1,102376,7.41,-0.0345465540885925
1,103080,1.59,-0.0812138393521308
1,103448,3.67,-0.0666918084025383
1,103617,6.09,-0.0265384726226329
1,103650,3.6,-0.0670359879732132
1,104288,11.64,0.0337912887334823
1,105510,5.2,-0.0518004596233367
1,105788,0.0,-0.0534896738827228
1,106427,17.61,0.1085617989301681
1,106591,2.68,-0.1138975396752357
1,106875,0.0,-0.0733739361166954
1,107391,20.81,0.1525091975927353
1,107510,0.0,-0.0879805460572242
1,107604,16.32,0.1104481145739555
1,107670,6.4,-0.0313932001590728
1,108495,8.53,0.0032240455038845
1,109889,0.0,-0.0343248844146728
1,109890,2.72,-0.1180282980203628
1,110002,6.77,-0.0226321183145046
1,110564,12.88,0.0760782957077026
1,110958,12.59,0.0863294303417205
1,111033,8.23,-0.0236531589180231
1,111436,0.0,-0.0417851991951465
1,112086,20.42,0.1001586839556694
1,112308,2.21,-0.083220437169075
1,112484,8.72,0.0171829033643007
1,112721,3.2,-0.0887933447957038
1,112907,0.0,-0.0936717838048935
1,113374,16.58,0.1260302662849426
1,113720,0.0,-0.0118068568408489
1,113805,34.42,0.078662484884262
1,114159,13.21,0.1545774042606353
1,114497,4.74,-0.035148985683918
1,114989,0.0,-0.0567178018391132
1,115523,0.0,-0.063160091638565
1,115602,9.17,0.0137571273371577
1,115652,21.13,0.124791108071804
1,115832,0.76,-0.1074370816349983
1,116521,8.94,0.0150327812880277
1,117349,9.11,0.0124795110896229
1,117631,44.84,0.2173449397087097
1,118053,24.64,0.1623741686344146
1,118956,0.0,-0.0570672526955604
1,119296,0.0,-0.0270370263606309
1,120815,4.8,-0.0544198229908943
1,121030,2.52,-0.1083992570638656
1,121255,5.96,-0.0293977931141853
1,121559,7.43,-0.0135429436340928
1,123132,2.24,-0.0733834058046341
1,123450,20.59,0.0750445127487182
1,124265,19.05,0.1144838258624076
1,124703,0.0,-0.0927386730909347
1,124879,20.66,0.1296610534191131
1,125350,6.54,-0.0277952626347541
1,125508,7.54,-0.0258994363248348
1,126449,5.84,-0.0420944355428218
1,126653,15.31,0.1301534473896026
1,127654,22.88,0.1730860918760299
1,127849,4.0,-0.0503504611551761
1,128457,22.17,0.1243166401982307
1,129314,8.44,0.0039465753361582
1,129889,17.7,0.1428998261690139
1,130243,6.15,-0.0361393690109252
1,130302,18.04,0.1046790182590484
1,131603,0.0,-0.0587255731225013
1,132065,12.76,0.1273461729288101
1,132594,0.0,-0.026809362694621
1,132596,0.0,-0.0760309845209121
1,132973,16.85,0.1120648682117462
1,135866,5.69,-0.0326224230229854
1,136007,5.49,-0.0498032234609127
1,136305,40.08,0.1544080823659896
1,136575,0.82,-0.1853715628385543
1,136629,93.46,0.3379867374897003
1,137773,8.38,0.0153876151889562
1,137860,8.98,0.0123666115105152
1,138931,7.51,-0.0212675351649522
1,140194,0.0,-0.0605509355664253
1,140791,32.49,0.1347626894712448
1,141155,0.0,-0.0321671888232231
1,141490,5.73,-0.0389405079185962
1,142104,0.0,-0.0313111767172813
1,142261,0.0,-0.0868244990706443
1,142374,16.05,0.1384929716587066
1,143465,16.21,0.1385994553565979
1,143490,0.0,-0.0962669998407363
1,144081,17.48,0.1409652829170227
1,145182,3.27,-0.086385540664196
1,145653,15.52,0.1228756085038185
1,145971,12.07,0.0931175202131271
1,146098,0.0,-0.0434304773807525
1,146823,7.49,-0.0371551141142845
1,146872,4.48,-0.0501846447587013
1,147365,0.0,-0.0800284147262573
1,147380,3.41,-0.0659941509366035
1,147595,1.93,-0.1197965666651725
1,147975,5.02,-0.0254716835916042
1,148314,11.4,0.0340878814458847
1,149028,12.38,0.1102219000458717
1,149141,1.85,-0.0948110520839691
1,149234,2.17,-0.084507368505001
1,149666,0.0,-0.0309466291218996
1,150355,21.05,0.1469789445400238
1,151334,2.78,-0.0849681198596954
1,151461,2.91,-0.0811797156929969
1,151950,2.22,-0.1189553961157798
1,152180,5.52,-0.0442753992974758
1,152491,3.08,-0.0916811004281044
1,152964,0.0,-0.0559070594608783
1,153164,1.35,-0.1394492834806442
1,153258,0.0,-0.0598818026483058
1,153379,12.72,0.0536121018230915
1,154566,30.6,0.2269766181707382
1,154681,13.56,0.1115535423159599
1,155671,23.65,0.1537193655967712
1,156000,7.89,-0.0201991014182567
1,156437,0.0,-0.0740489214658737
1,156736,8.97,-0.0058425697498023
1,157125,17.29,0.0952500775456428
1,157174,2.79,-0.093010239303112
1,157562,7.98,-0.0090637579560279
1,157898,16.01,0.1415279805660247
1,159277,24.04,0.1814508438110351
1,160550,0.0,-0.0417647138237953
1,160592,3.39,-0.0971311926841735
1,160843,24.94,0.1828548014163971
1,161071,11.43,0.0485050678253173
1,161313,0.9,-0.1259029060602188
1,161583,11.63,0.0392208807170391
1,161926,17.25,0.0935977846384048
1,162099,13.08,0.1434361934661865
1,163141,0.0,-0.0569320321083068
1,163743,0.0,-0.0552660301327705
1,163951,0.0,-0.0463011339306831
1,164686,15.57,0.1405521780252456
1,165003,0.0,-0.0417103767395019
1,165013,0.0,-0.0411962009966373
1,165040,20.7,0.0873423963785171
1,165647,3.46,-0.0836429819464683
1,165939,3.64,-0.0870967432856559
1,166177,7.81,-0.034853745251894
1,168269,0.0,-0.0689859315752983
1,168637,2.24,-0.1091699674725532
1,168649,34.86,0.1244983524084091
1,169524,7.99,-0.0346558131277561
1,169976,10.73,0.0565640367567539
1,170317,19.14,0.1369680315256118
1,170476,0.0,-0.0288846418261528
1,170849,37.13,0.1554293185472488
1,171348,50.51,0.121388055384159
1,171380,3.51,-0.0520685613155365
1,171829,0.0,-0.0642951503396034
1,172171,0.0,-0.0556339249014854
1,172511,4.87,-0.0513661429286003
1,173183,0.0,-0.0677386149764061
1,173939,0.0,-0.0511997789144516
1,174309,12.95,0.0742437690496444
1,174961,0.0,-0.0556421764194965
1,175066,3.33,-0.077608585357666
1,175977,10.62,0.0278682950884103
1,176050,20.66,0.1404069662094116
1,176707,2.99,-0.1116709858179092
1,176975,5.48,-0.0353425666689872
1,177494,17.32,0.1607787460088729
1,178499,6.05,-0.034439455717802
1,178511,19.11,0.1203218698501586
1,178591,6.72,-0.0350025296211242
1,178811,6.95,-0.0299710184335708
1,179339,4.59,-0.0603410154581069
1,180084,23.24,0.1316515356302261
1,180438,4.22,-0.0584451667964458
1,180523,3.94,-0.066230334341526
1,180529,9.59,-0.0028197902720421
1,180535,11.38,0.0566570051014423
1,180955,24.04,0.1820942312479019
1,181081,25.2,0.1456512808799743
1,181291,18.66,0.1078160032629966
1,181305,4.25,-0.0336569510400295
1,181455,6.73,-0.0298762544989585
1,181493,15.02,0.1340299695730209
1,181713,23.26,0.1336060315370559
1,182052,12.94,0.1340390294790268
1,182197,0.0,-0.0542264692485332
1,182749,0.0,-0.0559630431234836
1,183122,0.0,-0.0784731060266494
1,183730,3.14,-0.0895126983523368
1,183771,2.43,-0.0985192954540252
1,183885,0.0,-0.0699143409729003
1,184212,0.0,-0.0592443831264972
1,184641,12.17,0.0896480157971382
1,185039,0.0,-0.1035279631614685
1,185262,47.39,0.1901938319206237
1,185411,33.64,0.1017572730779647
1,185899,4.2,-0.0470223277807235
1,185998,16.15,0.15065698325634
1,186237,9.89,0.013757899403572
1,186486,12.79,0.1175396665930748
1,187465,0.0,-0.0434468314051628
1,188258,7.46,-0.0291199665516614
1,188538,11.73,0.0440195873379707
1,188578,0.0,-0.067110501229763
1,188837,0.0,-0.0482927151024341
1,188876,0.0,-0.0474290959537029
1,189016,5.34,-0.0554475411772728
1,189234,0.58,-0.1277535557746887
1,189825,45.9,0.1015908271074295
1,189946,10.92,0.0422436632215976
1,190803,16.63,0.1275261342525482
1,191675,0.0,-0.0612027533352375
1,191833,1.83,-0.110376238822937
1,192025,1.33,-0.1249406859278678
1,192645,22.9,0.1572746783494949
1,193265,8.41,-0.0059818080626428
1,193269,8.36,-0.0051222844049334
1,193782,0.0,-0.0405534505844116
1,193796,4.11,-0.0598132982850074
1,194221,6.76,-0.03425058349967
1,194600,1.35,-0.1277182698249817
1,195032,0.0,-0.0276251044124364
1,195055,7.59,-0.0359169356524944
1,196091,0.0,-0.0321671441197395
1,196101,0.0,-0.0453624278306961
1,196425,13.73,0.1389051675796508
1,196473,10.45,0.0441094934940338
1,196693,0.0,-0.0780573263764381
1,198835,6.29,-0.0293698851019144
1,198964,7.0,-0.0392405465245246
1,199024,7.32,-0.0306888837367296
1,199164,3.37,-0.0668774098157882
1,199353,0.0,-0.0732515975832939
1,199533,4.27,-0.0650333985686302
1,199600,19.31,0.1317626982927322
1,200236,9.74,0.0066897757351398
1,200675,8.13,-0.0215736962854862
1,200700,8.89,0.0127486968412995
1,200711,4.75,-0.066492311656475
1,200818,0.0,-0.0313083864748477
1,201066,0.0,-0.0388908572494983
1,201164,0.0,-0.0513186380267143
1,201345,0.0,-0.0528867430984973
1,201582,17.87,0.0762127190828323
1,201615,24.64,0.1181593984365463
1,202274,0.0,-0.0241956673562526
1,202521,1.31,-0.1187350079417228
1,203280,23.67,0.1164570525288581
1,203358,14.18,0.1427246034145355
1,203379,34.55,0.1018146872520446
1,203387,9.97,0.012712107039988
1,203399,8.01,-0.0316816270351409
1,203749,0.0,-0.0558637082576751
1,204472,0.0,-0.0406163372099399
1,204870,0.0,-0.064786672592163
1,205048,18.7,0.1281948685646057
1,205339,1.65,-0.1146392375230789
1,205386,0.76,-0.1787574887275695
1,205631,3.71,-0.067475289106369
1,206698,0.0,-0.0771946907043457
1,207383,6.69,-0.013122322037816
1,208070,11.43,0.0358532220125198
1,208133,24.0,0.1095491647720336
1,208134,18.77,0.1550698578357696
1,210665,7.89,-0.0248753763735294
1,211062,2.58,-0.0841000899672508
1,211372,1.78,-0.1149500980973243
1,211743,2.69,-0.0998347997665405
1,212117,23.34,0.1780395060777664
1,212320,3.8,-0.0853922292590141
1,212503,2.91,-0.098793901503086
1,212742,0.83,-0.1576384603977203
1,212827,10.67,0.0330710113048553
1,214352,7.96,-0.0298628974705934
1,214357,2.08,-0.0823746547102928
1,214955,4.71,-0.0517866499722003
1,215073,0.0,-0.0698871910572052
1,215266,6.01,-0.026558268815279
1,216135,24.65,0.1540657579898834
1,216427,11.38,0.0302959941327571
1,217071,1.01,-0.0907873883843422
1,217200,9.46,0.0184591710567474
1,217392,11.39,0.0467828251421451
1,217430,0.0,-0.0777065977454185
1,217550,13.99,0.1557904183864593
1,217784,5.33,-0.0643168166279792
1,219213,14.12,0.0645037591457367
1,219521,47.24,0.135227233171463
1,219959,0.0,-0.0494104400277137
1,220826,13.64,0.1247531101107597
1,220924,6.29,-0.0307584535330533
1,220925,12.59,0.082554817199707
1,222202,5.36,-0.0486134625971317
1,222236,11.48,0.0398458875715732
1,222803,2.15,-0.0885053426027298
1,222904,4.92,-0.0449415408074855
1,223601,13.61,0.0621485784649848
1,223737,24.06,0.1181583032011985
1,223943,0.0,-0.0467068552970886
1,224293,8.2,-0.0375278107821941
1,226201,0.0,-0.0502086244523525
1,226358,4.94,-0.0591548308730125
1,226529,0.0,-0.0550674609839916
1,227380,0.0,-0.029179960489273
1,228305,15.65,0.1419713497161865
1,228504,4.23,-0.0599744953215122
1,228544,8.2,-0.0256058368831872
1,228972,2.76,-0.0796196833252906
1,228986,0.0,-0.0606120117008686
1,229515,4.21,-0.0523527078330516
1,229706,0.46,-0.1168359294533729
1,230124,0.91,-0.1480409651994705
1,230484,2.34,-0.0848510563373565
1,230512,1.93,-0.118207924067974
1,231165,21.31,0.1191762089729309
1,231448,0.0,-0.0390790291130542
1,231593,2.57,-0.0944142043590545
1,231826,2.97,-0.0944240912795066
1,232294,6.61,-0.0204645302146673
1,232781,9.76,-0.0047606569714844
1,233156,1.75,-0.0929871425032615
1,233500,7.71,-0.0356067083775997
1,233643,4.99,-0.0428724512457847
1,234371,14.25,0.130290612578392
1,236022,8.11,-0.0182712171226739
1,236443,41.84,0.0459778159856796
1,236935,10.17,0.0353201255202293
1,237253,8.23,-0.0359305404126644
1,237399,12.49,0.1037705317139625
1,237620,0.0,-0.0627421289682388
1,239220,5.13,-0.0507311709225177
1,239574,9.14,0.019507709890604
1,239735,6.11,-0.0273761395364999
1,240046,58.91,0.1405995041131973
1,241278,0.0,-0.0538671165704727
1,241280,15.06,0.1104422286152839
1,241657,4.74,-0.0523303337395191
1,243204,12.45,0.1333214491605758
1,243903,3.16,-0.0949221923947334
1,244714,5.15,-0.0562553219497203
1,245428,0.0,-0.0410515405237674
1,245458,14.12,0.0955850630998611
1,245569,2.11,-0.1027536317706108
1,246069,0.0,-0.0546223707497119
1,246119,7.11,-0.0332047343254089
1,246825,0.0,-0.0426702834665775
1,246857,17.23,0.1174658313393592
1,246968,16.34,0.1163364127278328
1,247081,1.49,-0.1456313133239746
1,247548,21.85,0.1700263023376464
1,247790,8.05,-0.0331999137997627
1,247963,1.69,-0.099380649626255
1,248378,7.42,-0.0211604833602905
1,248554,0.0,-0.0662892386317253
1,248845,4.7,-0.0204303637146949
1,248950,7.58,-0.0356873087584972
1,249073,22.54,0.1746273636817932
1,249345,9.04,-0.0036163814365863
1,249415,0.0,-0.0470174551010131
1,249457,0.0,-0.0932608395814895
1,250084,0.0,-0.0692474842071533
1,250498,4.28,-0.059497058391571
1,250731,9.28,-0.000881161657162
1,250868,2.6,-0.0714951902627945
1,251094,25.67,0.2416390478610992
1,251208,2.0,-0.0918816328048706
1,251318,0.81,-0.1140295043587684
1,251478,0.0,-0.0955535173416137
1,251644,9.94,0.0173964574933052
1,251758,40.65,0.1100410372018814
1,252049,2.84,-0.1211092174053192
1,252195,2.97,-0.1033475622534751
1,252235,7.37,-0.0255512427538633
1,252270,6.93,-0.0258737932890653
1,252859,0.0,-0.0317596681416034
1,253191,2.48,-0.0950677245855331
1,253280,8.55,-0.0024715496692806
1,253471,10.19,0.0502188615500927
1,253983,7.34,-0.0289074853062629
1,254093,1.09,-0.0960017517209053
1,254799,34.88,0.1489903926849365
1,255083,0.0,-0.0445956736803054
1,255380,0.0,-0.0691644102334976
1,256031,5.38,-0.0440437719225883
1,256569,32.03,0.1835207641124725
1,256573,9.98,0.0335611328482627
1,256932,19.52,0.0458621121942997
1,257297,6.61,-0.0350470766425132
1,257833,10.42,0.0557995736598968
1,258144,2.21,-0.1103312969207763
1,259030,9.79,0.0030160618480294
1,259119,4.42,-0.0495861880481243
1,260269,6.22,-0.0267569255083799
1,261817,27.62,0.128671795129776
1,262190,12.13,0.102675013244152
1,262709,0.0,-0.0504031218588352
1,263279,26.61,0.1517892777919769
1,263403,6.0,-0.040119782090187
1,263523,0.0,-0.0250334311276674
1,264817,0.0,-0.0273175109177827
1,265018,2.43,-0.1010072827339172
1,265206,6.51,-0.023607287555933
1,265396,0.0,-0.0571739897131919
1,266802,13.59,0.1139753088355064
1,267796,1.1,-0.1234895437955856
1,268005,4.7,-0.0509774610400199
1,268162,23.01,0.1350012570619583
1,268272,10.03,0.052443977445364
1,268670,5.35,-0.0567410327494144
1,269060,9.77,0.0102887023240327
1,269168,0.0,-0.0812535658478736
1,269292,0.94,-0.0803706049919128
1,269599,1.16,-0.1442439556121826
1,269628,3.66,-0.0762140303850174
1,269794,7.31,-0.0367216095328331
1,270436,11.1,0.0276974625885486
1,270595,2.51,-0.0846657752990722
1,271268,17.23,0.1037391498684883
1,271308,14.63,0.117060400545597
1,271750,0.28,-0.163235992193222
1,272148,10.08,0.0277879927307367
1,275039,0.0,-0.0440383851528167
1,275079,5.72,-0.0260863173753023
1,275126,8.89,0.0035699948202818
1,275289,22.5,0.159276857972145
1,275332,0.95,-0.1062192693352699
1,276067,0.0,-0.0572910010814666
1,276338,14.02,0.1088025644421577
1,276367,6.32,-0.0311252158135175
1,276521,2.89,-0.1008522808551788
1,277260,0.0,-0.0268425047397613
1,277462,10.61,0.0619377233088016
1,277706,10.96,0.0056547340936958
1,278151,0.0,-0.0602248758077621
1,278177,34.38,0.1796640008687973
1,278456,4.15,-0.0609404481947422
1,278617,0.0,-0.0359992757439613
1,278877,0.0,-0.0609278120100498
1,279798,14.11,0.0993004143238067
1,280078,0.0,-0.0879124030470848
1,280123,8.91,0.0020074173808097
1,280184,2.89,-0.0696864947676658
1,280316,0.0,-0.032427854835987
1,280653,10.21,0.0508893802762031
1,281213,21.56,0.1439831256866455
1,281318,17.55,0.1248361393809318
1,281759,5.45,-0.040323257446289
1,281765,0.0,-0.0564556792378425
1,282119,10.33,0.0553139224648475
1,282691,4.74,-0.0585756748914718
1,282862,26.61,0.1903844475746154
1,282883,18.02,0.0639244318008422
1,282928,3.7,-0.078680507838726
1,283383,6.25,-0.0377278067171573
1,283642,0.0,-0.0533662103116512
1,284211,0.0,-0.1000716686248779
1,285625,0.0,-0.0862443521618843
1,286226,9.29,0.0165527760982513
1,286744,23.03,0.1704951673746109
1,286879,2.83,-0.0828751847147941
1,288533,8.91,-0.0002081857237499
1,288668,16.59,0.1433625966310501
1,288850,58.19,0.1888439357280731
1,289288,32.88,0.1216868534684181
1,289630,11.33,0.0721652060747146
1,289749,7.65,-0.0472903549671173
1,290955,3.18,-0.111257754266262
1,291121,4.52,-0.037927508354187
1,291169,3.04,-0.0782993137836456
1,291564,14.8,0.1131424978375434
1,291590,8.57,0.0261563006788492
1,292075,15.52,0.1101576462388038
1,292179,0.0,-0.0788739696145057
1,292579,8.63,0.0032772722188383
1,293566,10.17,0.0311375949531793
1,293676,7.48,-0.0274904128164052
1,294158,0.0,-0.0857632756233215
1,294465,0.0,-0.0737132877111435
1,294882,6.85,-0.0381034202873706
1,295326,5.48,-0.0579554550349712
1,297018,16.66,0.078176200389862
1,297599,5.59,-0.0472485423088073
1,297898,0.0,-0.0612810216844081
1,298092,3.9,-0.0631128251552581
1,298674,1.9,-0.1229940578341484
1,298794,0.0,-0.0502259917557239
1,299275,0.78,-0.1684189140796661
1,299365,5.25,-0.0430076569318771
1,299438,3.62,-0.075124554336071
1,299533,7.96,-0.0269191581755876
1,300124,67.34,0.2766716480255127
1,300538,0.0,-0.060925468802452
1,300796,0.0,0.0145351709797978
1,301809,0.0,-0.0518898740410804
1,301845,28.79,0.1674202680587768
1,301964,0.0,-0.059715136885643
1,302337,12.45,0.0734144374728202
1,303085,0.0,-0.0752782374620437
1,303087,46.42,0.2091607451438903
1,303216,19.38,0.1001860648393631
1,303456,3.09,-0.0929209440946579
1,306135,3.51,-0.0745962485671043
1,306493,36.7,0.1564736515283584
1,306686,3.41,-0.0668995901942253
1,306882,8.34,0.0005279699107632
1,307180,0.0,-0.0590340346097946
1,307481,6.08,-0.0258510522544384
1,308167,17.33,0.1412619799375534
1,309285,0.0,-0.0391951985657215
1,309307,32.24,0.2038448005914688
1,309359,2.97,-0.0913520380854606
1,309472,0.0,-0.0730689316987991
1,309596,2.31,-0.1193169355392456
1,309999,6.23,-0.0363405533134937
1,310035,28.9,0.2223420143127441
1,310042,26.54,0.1953167617321014
1,310939,7.02,-0.0235478449612855
1,311288,38.65,0.1690754741430282
1,311298,5.39,-0.0288465451449155
1,311402,3.46,-0.0933118686079979
1,311419,0.0,-0.0744269415736198
1,312449,29.77,0.2009278982877731
1,312542,1.99,-0.12082040309906
1,312736,0.0,-0.0860479474067688
1,313170,15.31,0.1580151617527008
1,313651,31.15,0.1742020547389984
1,313668,22.65,0.1959656924009323
1,314164,10.99,0.0407616384327411
1,314713,9.67,0.0005986202158965
1,314834,19.8,0.1139640361070633
1,315106,51.81,0.1265770494937896
1,315543,5.09,-0.0373059548437595
1,316033,25.45,0.2646580934524536
1,316670,18.26,0.1232922747731208
1,316800,5.94,-0.0184015166014432
1,316815,0.0,-0.0825870409607887
1,317332,2.61,-0.1035133153200149
1,317771,16.12,0.0931066796183586
1,317836,4.9,-0.0507583692669868
1,318730,3.57,-0.0900665149092674
1,319036,0.0,-0.0702276155352592
1,320312,12.04,0.0485533326864242
1,320472,0.0,-0.0738228112459182
1,321301,0.0,-0.0690726190805435
1,321727,4.16,-0.0569795183837413
1,322431,3.07,-0.1064935475587844
1,322482,3.6,-0.0607210434973239
1,322826,7.04,-0.0271191392093896
1,322987,19.98,0.1646474152803421
1,323130,18.25,0.1571261137723922
1,323265,0.0,-0.0802782401442527
1,323364,3.93,-0.0315062887966632
1,323767,2.17,-0.1055532917380333
1,323792,29.04,0.2589046657085418
1,324211,12.91,0.0719753429293632
1,324239,0.0,-0.0756339579820633
1,324985,28.74,0.17024527490139
1,325004,8.15,-0.0272305998951196
1,325417,19.6,0.1390943825244903
1,326467,3.08,-0.0771697163581848
1,326630,0.0,-0.0684821903705596
1,327304,17.27,0.1156123578548431
1,327426,101.01,0.2321074157953262
1,327515,2.93,-0.1039462611079216
1,328009,18.15,0.157310202717781
1,328647,7.91,-0.0309914071112871
1,329292,3.05,-0.1077895686030387
1,329913,20.28,0.112763375043869
1,330367,4.4,-0.0561110451817512
1,330460,33.16,0.0697687119245529
1,330551,8.25,-0.0357509665191173
1,330744,54.11,0.1900063902139663
1,331497,2.61,-0.1006272435188293
1,331505,9.25,0.0044131055474281
1,331530,21.98,0.1672992259263992
1,331606,1.54,-0.1349021792411804
1,331871,12.82,0.1155934110283851
1,332198,14.5,0.1201806589961052
1,334324,6.24,-0.0285095646977424
1,335453,10.09,0.0362923219799995
1,335685,6.54,-0.0380501374602317
1,335749,8.59,0.0188098866492509
1,336269,9.27,0.0165953580290079
1,336509,0.0,-0.0758416652679443
1,336864,96.46,0.222841590642929
1,337471,9.11,-0.0031196228228509
1,337509,5.18,-0.0518134161829948
1,337652,9.78,-0.0092634502798318
1,337753,5.71,-0.0376899652183055
1,338174,34.6,0.1637524664402008
1,338439,18.12,0.1093155369162559
1,338960,30.94,0.1672555804252624
1,339093,3.26,-0.0871347784996032
1,339170,9.54,0.0025008586235344
1,339417,0.0,-0.0613166391849517
1,340266,8.52,0.0110801858827471
1,340686,52.63,0.1847819238901138
1,341477,10.55,0.0316324569284915
1,341620,1.0,-0.1188648715615272
1,342164,66.6,0.232745736837387
1,342412,4.93,-0.0489035993814468
1,343018,5.94,-0.0393352434039115
1,343109,2.76,-0.08365049213171
1,343286,13.09,0.1153000965714454
1,343594,11.32,0.041957963258028
1,343610,0.0,-0.0264014396816492
1,344100,16.98,0.1225888952612876
1,344208,6.33,-0.0295391976833343
1,344502,0.0,-0.0262393597513437
1,344568,2.66,-0.0928299576044082
1,344681,0.0,-0.0637831091880798
1,344969,16.73,0.1123974025249481
1,345682,15.5,0.1279854327440261
1,345915,7.95,-0.0287128258496522
1,346239,5.24,-0.048218984156847
1,346624,33.61,0.121445283293724
1,348137,15.53,0.1432458758354187
1,349688,0.0,-0.0750807672739029
1,349859,30.75,0.1878903806209564
1,349865,2.15,-0.0985150709748268
1,349957,5.81,-0.0431924536824226
1,350242,11.0,0.0482321754097938
1,350902,6.52,-0.0230222698301076
1,351505,0.0,-0.0720986649394035
1,351694,15.9,0.1392382681369781
1,352458,8.39,0.0068640746176242
1,352490,6.75,-0.0321769528090953
1,353461,4.88,-0.05246502161026
1,353485,0.0,-0.0701795667409896
1,353964,3.69,-0.0691674128174781
1,354229,2.98,-0.0982936844229698
1,354242,0.0,-0.074195422232151
1,354607,6.27,-0.0235464815050363
1,355351,0.0,-0.0535120330750942
1,355414,9.11,0.0028326660394668
1,356347,21.19,0.1294105499982834
1,356767,0.0,-0.0515672899782657
1,357433,11.87,0.0604243017733097
1,357691,7.81,-0.0280067063868045
1,358629,9.02,0.005711427424103
1,358995,11.34,0.024927157908678
1,359004,50.24,0.085461251437664
1,359273,25.27,0.1380213052034378
1,359706,5.0,-0.0376269407570362
1,359793,0.0,-0.0594142377376556
1,360091,16.65,0.12332334369421
1,360456,3.45,-0.066645048558712
1,360773,24.26,0.1533922255039215
1,360979,0.0,-0.0568774826824665
1,361397,18.62,0.0820513591170311
1,361531,0.0,-0.0213737953454256
1,361636,2.94,-0.1115083992481231
1,361753,6.56,-0.039540946483612
1,361804,2.4,-0.1174780800938606
1,361833,0.0,-0.0517936944961547
1,362157,10.44,0.0502658225595951
1,362609,0.0,-0.0791930854320526
1,362736,3.51,-0.0834076106548309
1,363106,10.0,0.0022984293755143
1,363110,2.16,-0.1177444383502006
1,363140,22.24,0.1654654890298843
1,363142,0.0,-0.0805417969822883
1,364038,0.0,-0.0486228764057159
1,364684,2.66,-0.0916983187198638
1,365166,21.61,0.145697146654129
1,365348,0.0,-0.062346763908863
1,365542,12.94,0.1647934764623642
1,366038,12.12,0.0620630420744419
1,366175,3.07,-0.1060415357351303
1,366411,1.99,-0.1019620597362518
1,366764,6.51,-0.0243898890912532
1,366808,4.51,-0.061087030917406
1,367701,12.21,0.1113135516643524
1,367994,7.21,-0.0273400712758302
1,368052,8.03,-0.0495894402265548
1,368203,3.54,-0.0703464969992637
1,368430,30.35,0.1911015212535858
1,368894,0.0,-0.0283294152468442
1,369637,0.0,-0.0669739246368408
1,370584,0.0,-0.0595964677631855
1,371987,5.57,-0.055422730743885
1,372383,23.92,0.1583618819713592
1,373002,105.26,0.1388058215379715
1,373190,6.96,-0.0282064005732536
1,373325,1.96,-0.1233448535203933
1,374264,6.69,-0.0241094790399074
1,374710,0.0,-0.0499174669384956
1,375103,9.51,0.0097144041210412
1,375159,0.0,-0.0635959431529045
1,375639,2.56,-0.076429545879364
1,376334,7.1,-0.0307400822639465
1,376496,11.98,0.0643205121159553
1,377303,121.32,0.275200217962265
1,377815,2.63,-0.0678898096084594
1,377817,0.71,-0.1397065371274948
1,378168,25.86,0.2244508862495422
1,378750,0.0,-0.075585275888443
1,379035,0.0,-0.0859462544322013
1,379902,3.11,-0.1063959598541259
1,380582,7.6,-0.0289631504565477
1,381014,9.55,0.005330407526344
1,381393,4.13,-0.0555605366826057
1,381589,6.93,-0.0323281735181808
1,381621,3.54,-0.0715831443667411
1,381705,4.03,-0.0592468418180942
1,382401,3.27,-0.0931802988052368
1,382547,0.0,-0.0378461554646492
1,383068,3.67,-0.0864418298006057
1,383275,0.0,-0.0565116852521896
1,383575,0.0,-0.0549813732504844
1,384191,6.12,-0.0333055667579174
1,385002,19.67,0.0838482901453971
1,386278,0.0,-0.0388703867793083
1,386442,5.61,-0.0544227063655853
1,387286,0.0,-0.098704382777214
1,387441,17.39,0.0998983308672905
1,387493,49.72,0.1481554359197616
1,387600,2.91,-0.0922963842749595
1,387677,0.57,-0.137330874800682
1,388116,57.97,0.2286217957735061
1,389459,0.0,-0.0342195332050323
1,390042,11.93,0.0716037228703498
1,390273,17.99,0.0982884466648101
1,390337,18.67,0.1014185100793838
1,390895,3.01,-0.0935480520129203
1,391101,7.88,-0.0174370557069778
1,391261,3.86,-0.0505405217409133
1,392004,14.31,0.1451826989650726
1,392153,3.82,-0.0628727748990058
1,392284,26.25,0.2112498432397842
1,392382,11.72,0.0410021990537643
1,392523,29.72,0.2500155568122864
1,393733,6.61,-0.0365869551897048
1,393749,11.69,0.0509655065834522
1,393916,2.12,-0.0989288166165351
1,394920,6.37,-0.0280831735581159
1,395930,5.88,-0.0386769026517868
1,396775,1.53,-0.1347387284040451
1,397682,7.54,-0.0309217851608991
1,397961,4.0,-0.0541799366474151
1,398113,0.0,-0.0575026199221611
1,398186,15.25,0.1537055671215057
1,398648,3.78,-0.067551240324974
1,399247,0.0,-0.1024126708507537
1,399347,8.65,0.0034144492819905
1,399481,0.0,-0.0417345277965068
1,400089,33.07,0.2097660601139068
1,400489,15.6,0.1348860561847686
1,400895,8.32,-0.0080502359196543
1,400938,8.93,0.0260894987732172
1,401811,12.26,0.0686676651239395
1,402582,0.0,-0.0404352396726608
1,402585,0.0,-0.058931715786457
1,402915,0.0,-0.0681716650724411
1,403479,6.16,-0.0290494114160537
1,403863,22.37,0.14773590862751
1,404225,0.0,-0.0459975004196167
1,404268,0.0,-0.0672780200839042
1,405358,4.56,-0.0647885724902153
1,405728,5.25,-0.0479557290673255
1,406036,4.96,-0.0662133246660232
1,406586,7.06,-0.0346591174602508
1,406601,0.0,-0.0611935071647167
1,408913,35.52,0.1847415566444397
1,408934,2.49,-0.1156972423195838
1,408956,28.67,0.2405754923820495
1,409622,12.84,0.1213891506195068
1,409669,14.56,0.0698566511273384
1,409700,4.46,-0.0605576783418655
1,409775,0.0,-0.0476785451173782
1,411258,0.0,-0.0930261760950088
1,411698,1.43,-0.1474237889051437
1,411746,15.08,0.131358802318573
1,411926,3.69,-0.052387498319149
1,412015,17.49,0.1722145825624466
1,412249,0.0,-0.0777310729026794
1,412905,12.67,0.0907158851623535
1,413005,31.95,0.2434729188680648
1,413986,15.14,0.0842531770467758
1,414084,0.0,0.0052109598182141
1,414255,0.0,-0.0236970018595457
1,414704,30.65,0.171090543270111
1,414888,0.0,-0.0510772503912448
1,415145,4.85,-0.0577754341065883
1,415686,20.19,0.1077699586749076
1,415698,7.06,-0.0332979932427406
1,416178,11.59,0.0625165477395057
1,417517,9.97,0.0008556931279599
1,417879,5.44,-0.0475075393915176
1,418477,5.87,-0.029957141727209
1,418561,15.26,0.1376818418502807
1,418852,3.8,-0.0711518749594688
1,418953,6.54,-0.030910974368453
1,419542,12.94,0.1580266505479812
1,420829,7.72,-0.0299937296658754
1,420884,9.51,-0.0048477458767592
1,421017,2.78,-0.087875448167324
1,421058,13.23,0.0873202010989189
1,421086,9.33,-0.0056133423931896
1,421332,0.78,-0.1089223325252533
1,421875,31.07,0.2231084406375885
1,421884,5.85,-0.0200963076204061
1,422085,9.25,-0.0051528811454772
1,422832,37.28,0.1493177264928817
1,423048,7.94,-0.0276383403688669
1,423352,4.16,-0.0641642957925796
1,424410,3.56,-0.0820226818323135
1,424884,9.86,0.0224661361426115
1,425114,3.57,-0.0725988373160362
1,425330,12.56,0.1252260208129882
1,426654,12.83,0.1314338743686676
1,426705,0.0,-0.0672134011983871
1,426855,10.77,0.0413908958435058
1,427058,11.34,0.0676355361938476
1,427655,30.67,0.1832867264747619
1,428615,0.0,-0.0476842187345027
1,428972,6.11,-0.0235484559088945
1,429019,58.73,0.1419737339019775
1,429489,15.97,0.0959381610155105
1,429734,20.23,0.1534192413091659
1,429847,0.0,-0.056925892829895
1,429906,0.0,-0.0434410087764263
1,429929,22.69,0.1143250465393066
1,430059,0.0,-0.0345185473561286
1,430064,0.0,-0.0760790035128593
1,430424,9.37,-0.0043144025839865
1,431116,35.11,0.2325727194547653
1,431665,8.49,0.0120604950934648
1,431920,3.42,-0.0717732682824134
1,432025,11.75,0.0585665218532085
1,433684,0.0,-0.0561341680586338
1,433789,3.5,-0.078147180378437
1,436451,0.0,-0.0752719566226005
1,437196,16.62,0.1127728298306465
1,438557,6.44,-0.0307007320225238
1,439932,42.74,0.2187241315841674
1,440038,13.2,0.1388973444700241
1,440070,38.68,0.140089064836502
1,440127,10.59,0.0573367998003959
1,440330,1.32,-0.1377197057008743
1,440354,3.99,-0.0550559200346469
1,440471,11.71,0.0645514577627182
1,440678,37.69,0.1014601439237594
1,440694,4.05,-0.0465454347431659
1,440800,1.91,-0.1192233189940452
1,441191,5.5,-0.060462087392807
1,441228,0.0,-0.0525030978024005
1,441356,8.74,0.0135144656524062
1,441915,10.38,0.0384234860539436
1,443186,0.0,-0.0591713450849056
1,443366,13.64,0.1006100103259086
1,443407,0.0,-0.0672422647476196
1,443734,9.73,0.0208244640380144
1,444182,9.68,0.0099654141813516
1,444186,15.54,0.1249606385827064
1,444293,0.0,-0.0552023388445377
1,444711,10.01,0.0553115084767341
1,445049,0.0,-0.04691157117486
1,445390,30.77,0.2539145052433014
1,446145,7.06,-0.0277401991188526
1,446238,28.76,0.2004051357507705
1,446449,0.0,-0.0579842068254947
1,446452,0.0,-0.0475852079689502
1,446925,7.89,-0.0221256930381059
1,446960,0.0,-0.0477884523570537
1,447622,0.0,-0.0548048205673694
1,448338,6.97,-0.0251232497394084
1,448403,0.0,-0.0396690107882022
1,448457,1.18,-0.0979931652545929
1,449250,6.77,-0.0226125940680503
1,449374,1.01,-0.1267930269241333
1,449663,19.31,0.0990413948893547
1,449951,2.34,-0.0823436230421066
1,450243,7.64,-0.0404326394200325
1,451288,1.82,-0.0935316905379295
1,451730,0.0,-0.0336024463176727
1,452329,20.01,0.124979518353939
1,452994,18.38,0.1165862083435058
1,454581,8.42,0.0193997900933027
1,454652,16.29,0.1675548404455185
1,454934,0.0,-0.0644505843520164
1,455514,23.92,0.1958293318748474
1,455798,3.07,-0.0993563160300254
1,456246,0.0,-0.0694647207856178
1,456287,12.92,0.1354365348815918
1,456304,3.29,-0.0798566564917564
1,456626,0.0,-0.0714252591133117
1,456738,1.04,-0.1064517572522163
1,456880,0.0,-0.0983130186796188
1,457043,4.06,-0.0630182027816772
1,457225,15.51,0.1413180530071258
1,457586,0.0,-0.0477387979626655
1,457845,7.76,-0.0247392039746046
1,457885,0.0,-0.0181540548801422
1,458959,19.15,0.1224910467863082
1,459138,0.0,-0.0274054706096649
1,460213,11.4,0.0522304065525531
1,460981,0.0,-0.07806958258152
1,461545,10.21,0.0129038663581013
1,461724,0.0,-0.0297455321997404
1,462412,0.94,-0.09795693308115
1,462564,24.51,0.1927648335695266
1,462677,52.36,0.170168399810791
1,464333,0.0,-0.0616329796612262
1,464561,3.04,-0.1005156263709068
1,464604,0.0,-0.0748259127140045
1,465254,0.0,-0.0346347354352474
1,465641,1.21,-0.0901524722576141
1,466074,15.68,0.1248887702822685
1,466726,8.77,0.0108788860961794
1,468234,3.9,-0.060638103634119
1,470236,3.87,-0.0837996751070022
1,470435,6.94,-0.0362680219113826
1,470562,7.73,-0.0223057195544242
1,471378,0.0,-0.0806139037013053
1,471575,1.51,-0.1154843121767044
1,472075,9.65,-0.010466132313013
1,473118,19.92,0.1353022456169128
1,473135,14.77,0.077377401292324
1,473601,0.0,-0.0484083816409111
1,474143,25.03,0.1310374438762664
1,474512,0.0,-0.059886198490858
1,475145,1.08,-0.1057151705026626
1,476703,1.69,-0.1382578164339065
1,476904,8.05,-0.0302971899509429
1,478004,5.93,-0.041884358972311
1,478041,0.0,-0.0181299299001693
1,478132,19.31,0.1230828836560249
1,478952,0.0,-0.0122041953727602
1,479034,0.0,-0.0578838363289833
1,479143,0.22,-0.0816587284207344
1,479524,9.43,0.013736929744482
1,480137,11.87,0.0436978414654731
1,480342,20.34,0.1063899621367454
1,480900,11.6,0.0469586513936519
1,482854,9.74,0.0044017606414854
1,483002,1.45,-0.1151009202003479
1,483089,6.43,-0.0400816313922405
1,483443,19.16,0.1495090276002884
1,483924,0.79,-0.1327772438526153
1,483952,39.92,0.1675208657979965
1,484394,8.24,-0.0285487659275531
1,485181,0.0,-0.06846384704113
1,485315,2.56,-0.1095103845000267
1,485799,10.57,0.04920569434762
1,485828,5.92,-0.0266844742000103
1,486272,8.95,0.0263525005429983
1,487150,25.8,0.2573005259037018
1,487725,5.28,-0.0412196330726146
1,487937,0.0,-0.058425348252058
1,488010,7.51,-0.0146801844239234
1,488474,0.0,-0.0892060920596122
1,488641,2.61,-0.1049795225262641
1,489931,0.0,-0.1060572788119316
1,490213,2.36,-0.1072933301329612
1,490537,0.0,-0.0648218244314193
1,490664,19.38,0.1366572082042694
1,490890,0.0,-0.0721724852919578
1,491553,0.0,-0.0728275328874588
1,491579,10.13,0.0563676171004772
1,492252,3.38,-0.085981510579586
1,492461,0.0,-0.0797884613275528
1,492917,6.54,-0.0304815173149108
1,494414,9.7,0.0132764391601085
1,494761,6.15,-0.0327642187476158
1,494940,17.3,0.1569834351539611
1,494996,7.09,-0.0225953049957752
1,495304,10.67,0.0680518075823783
1,495424,13.64,0.1409171521663665
1,496809,0.0,-0.0624603033065795
1,496909,4.18,-0.0589454136788845
1,497008,9.14,0.0193785987794399
1,497160,21.47,0.1312902420759201
1,497202,16.21,0.0777138993144035
1,497781,3.79,-0.0764903798699379
1,497954,0.0,-0.0484242849051952
1,498508,0.0,-0.03123982809484
1,499194,0.0,-0.0733618214726448
1,499812,0.0,-0.0466836616396904
1,499945,7.8,-0.0287562925368547
1,500035,11.69,0.0556120090186595
1,500627,0.0,-0.0897591114044189
1,501488,8.95,0.01222450658679
1,501626,0.0,-0.0454198904335498
1,501940,12.14,0.1237011179327964
1,502145,6.04,-0.034155286848545
1,502506,1.35,-0.1270432025194168
1,502692,2.79,-0.1039153784513473
1,503221,5.87,-0.0265871491283178
1,503280,19.3,0.1599235981702804
1,503362,2.97,-0.0801609903573989
1,504720,34.63,0.180654376745224
1,505266,4.07,-0.0675828978419303
1,506236,12.96,0.129563421010971
1,506761,6.29,-0.0444556102156639
1,506877,0.0,-0.068641647696495
1,507288,22.52,0.1724036186933517
1,507399,17.81,0.1617150008678436
1,507796,2.93,-0.1195419132709503
1,507925,16.42,0.145171970129013
1,508189,0.0,-0.0590051338076591
1,509217,0.0,-0.0366420969367027
1,509299,5.47,-0.0585343614220619
1,509408,0.0,-0.0425432920455932
1,509478,0.0,-0.0416815876960754
1,509534,15.69,0.1339436322450637
1,510239,9.38,0.0001725906622596
1,510931,10.58,0.0666060224175453
1,511123,24.32,0.1755359321832656
1,511476,1.27,-0.149329125881195
1,511534,3.35,-0.0876299515366554
1,512522,18.02,0.1598213016986847
1,512796,14.39,0.078023537993431
1,512832,15.9,0.1098944544792175
1,512955,34.0,0.1533558219671249
1,513508,17.76,0.0574261769652366
1,513761,8.87,-0.0040870611555874
1,514068,2.94,-0.091746911406517
1,515156,2.69,-0.0977779403328895
1,515674,16.61,0.1341814994812011
1,515959,5.34,-0.0504066869616508
1,516866,4.84,-0.0553491525352001
1,516920,10.02,0.0329395569860935
1,518122,5.24,-0.0341896936297416
1,518124,6.7,-0.0345656760036945
1,519152,0.0,-0.0572559311985969
1,519241,31.93,0.1823189705610275
1,519382,0.0,-0.0529940202832222
1,519431,7.27,-0.0379619225859642
1,520684,3.92,-0.0623758323490619
1,520879,0.0,-0.0596786476671695
1,521033,21.22,0.0842742174863815
1,522456,7.5,-0.0222986973822116
1,522683,10.56,0.037015862762928
1,523460,0.0,-0.0520596466958522
1,523588,0.0,-0.0726816579699516
1,524117,4.67,-0.0340581648051738
1,524252,9.32,-0.0082415100187063
1,524265,0.0,-0.0413648746907711
1,526187,6.06,-0.0247711986303329
1,526207,103.9,0.2429561614990234
1,526669,7.26,-0.0379251837730407
1,526811,4.91,-0.0526274964213371
1,527323,0.0,-0.0662758499383926
1,528743,0.0,-0.0725404694676399
1,529620,0.0,-0.0600967705249786
1,531269,18.7,0.1246095821261406
1,531488,5.99,-0.036164928227663
1,532019,4.11,-0.057193886488676
1,532374,0.0,-0.0564353801310062
1,532848,0.0,-0.0573066584765911
1,533426,4.4,-0.0585634708404541
1,533719,19.1,0.1285479962825775
1,533829,1.57,-0.08297810703516
1,533830,8.27,-0.0313988886773586
1,534198,0.0,-0.0849072039127349
1,534766,7.46,-0.029279813170433
1,536538,8.44,-0.0079061901196837
1,536877,9.21,-0.0073051447980105
1,537360,0.0,-0.0487252660095691
1,537413,3.54,-0.0889408662915229
1,537499,0.0,-0.0634583905339241
1,538751,27.62,0.2334098219871521
1,539119,8.08,-0.0387734957039356
1,539775,7.55,-0.0203469060361385
1,540660,2.59,-0.1282537430524826
1,540684,16.57,0.1053991466760635
1,540761,8.64,0.0005291310371831
1,540804,0.0,-0.0696798488497734
1,541298,5.58,-0.0469215400516986
1,541524,1.21,-0.1078276708722114
1,541583,18.18,0.0914832055568695
1,541585,9.29,0.023484893143177
1,541593,2.28,-0.115644171833992
1,541857,14.4,0.1154425218701362
1,542124,0.0,-0.0639131143689155
1,542281,1.55,-0.1493677347898483
1,542671,0.47,-0.150405004620552
1,543660,9.56,0.0160533748567104
1,544589,0.0,-0.0800980553030967
1,544614,12.34,0.0611025094985961
1,544716,11.04,0.0580486766993999
1,544831,1.34,-0.1211928576231002
1,545365,0.0,-0.0767534077167511
1,545642,0.0,-0.0415635108947753
1,547908,27.89,0.2122036069631576
1,548886,13.45,0.1287347376346588
1,549618,5.8,-0.0212251264601945
1,549918,14.8,0.0981406271457672
1,550409,0.0,-0.0535292066633701
1,550529,1.86,-0.1117033883929252
1,551068,6.8,-0.0085472846403718
1,551634,21.18,0.1036124899983406
1,552114,23.54,0.1930478513240814
1,553241,21.51,0.1186897829174995
1,553257,9.31,0.0197117272764444
1,553988,10.01,0.034242395311594
1,554366,1.4,-0.0967176780104637
1,554402,22.55,0.1605946868658065
1,554685,27.77,0.2355201840400695
1,554760,32.57,0.1736457496881485
1,554768,6.92,-0.0412736758589744
1,555113,12.06,0.1117201745510101
1,555398,0.0,-0.0701254531741142
1,555619,11.81,0.0594989173114299
1,556208,0.0,-0.0545281954109668
1,556581,9.12,-0.005151480436325
1,556610,1.15,-0.1425621956586837
1,556640,17.97,0.1221750229597091
1,556819,0.0,-0.0601544752717018
1,557487,6.81,-0.0309933647513389
1,557578,7.23,-0.0233941208571195
1,557675,19.51,0.1018078252673149
1,558005,19.08,0.0867859050631523
1,558204,15.66,0.0886736139655113
1,558236,0.0,-0.0553740039467811
1,558244,6.47,-0.0343794822692871
1,558855,8.34,0.0095531167462468
1,558920,6.09,-0.0413765385746955
1,559861,0.0,-0.048378836363554
1,560132,12.37,0.0631199404597282
1,561199,77.95,0.2945165932178497
1,561784,26.67,0.1883054077625274
1,562499,8.19,-0.0282882191240787
1,562990,0.0,-0.0950276106595993
1,563412,0.0,-0.0522360801696777
1,563596,4.1,-0.0500251203775405
1,564987,10.11,0.0564442463219165
1,565242,26.01,0.2240863591432571
1,565818,12.38,0.1092273965477943
1,566013,34.1,0.129879429936409
1,566095,0.0,-0.0702589973807334
1,566784,13.72,0.103218026459217
1,567129,0.0,-0.0376593917608261
1,567914,4.04,-0.0590757131576538
1,567995,27.87,0.1815289556980133
1,568458,0.0,-0.0633529052138328
1,569138,18.28,0.0857634097337722
1,569558,12.19,0.0948574468493461
1,570136,0.0,-0.0663720890879631
1,570452,12.35,0.068241611123085
1,570593,5.09,-0.025749709457159
1,570859,29.26,0.2079546898603439
1,571867,17.21,0.1172606870532035
1,571902,0.0,-0.0496441461145877
1,572007,1.3,-0.1304535865783691
1,572259,0.0,-0.0490397587418556
1,572717,0.85,-0.0985286012291908
1,572798,10.81,0.0538266040384769
1,573269,3.3,-0.0799470171332359
1,573575,3.21,-0.1001107841730117
1,573826,21.03,0.1191216483712196
1,573870,5.72,-0.0198908392339944
1,574089,0.93,-0.1488647609949112
1,574419,0.0,-0.0603482276201248
1,574807,18.19,0.0919741317629814
1,575218,0.0,-0.055124070495367
1,575604,1.23,-0.1130836457014083
1,576045,10.77,0.0574530139565467
1,576060,8.1,-0.028835505247116
1,577631,0.0,-0.0392577312886714
1,577912,4.89,-0.0361396707594394
1,578046,3.18,-0.0853106454014778
1,578517,104.38,0.2130204886198043
1,578942,0.0,-0.0776344388723373
1,579025,0.0,-0.060342401266098
1,579179,12.27,0.0713857263326644
1,579291,0.0,-0.0726319402456283
1,579521,0.0,-0.0574391856789588
1,579628,14.81,0.0844570845365524
1,580196,0.0,-0.0781214907765388
1,581053,4.58,-0.059483278542757
1,581126,3.79,-0.0625220164656639
1,581187,3.85,-0.0706136897206306
1,582338,6.05,-0.0319023914635181
1,582455,0.0,-0.0836131200194358
1,582520,2.41,-0.0943071320652961
1,582699,4.32,-0.0474405102431774
1,583227,45.15,0.133579134941101
1,584199,1.61,-0.0953549146652221
1,584245,48.66,0.1862843930721283
1,584379,21.19,0.1063663810491561
1,584469,2.6,-0.1174098774790763
1,586533,15.22,0.1402446180582046
1,586579,29.74,0.1832467764616012
1,586867,32.46,0.148271769285202
1,586870,0.0,-0.1004098802804946
1,586911,5.91,-0.0286278650164604
1,587207,14.71,0.1224343106150627
1,588101,5.82,-0.0252761617302894
1,588197,66.79,0.2428108006715774
1,589180,20.23,0.1170882657170295
1,589674,0.0,-0.07901032269001
1,591551,19.82,0.1057920530438423
1,591705,13.96,0.1023002043366432
1,593120,14.97,0.1272776126861572
1,593776,0.0,-0.0738336816430091
1,593829,0.0,-0.0358449332416057
1,594269,0.0,-0.0684778243303299
1,594505,12.48,0.1114253848791122
1,594617,7.9,-0.0277599915862083
1,595261,10.18,0.0355990752577781
1,595281,10.42,0.0754554644227027
1,597844,5.0,-0.0549858286976814
1,598424,9.94,0.0128388768061995
1,598827,0.0,-0.0362633392214775
1,599854,3.89,-0.0644132792949676
1,599991,22.16,0.1625717133283615
1,600433,9.55,0.0126549759879708
1,600641,0.0,-0.0747478529810905
1,600813,1.5,-0.0950182452797889
1,600860,17.51,0.0780031755566597
1,601720,0.0,-0.0591418892145156
1,602964,10.53,0.0323448851704597
1,603001,6.03,-0.0335299037396907
1,603047,16.72,0.1442342102527618
1,603075,0.59,-0.1256188452243805
1,603227,7.64,-0.0310482010245323
1,604829,10.83,0.0591118149459362
1,606026,2.07,-0.0992484018206596
1,606573,14.89,0.120407611131668
1,606882,6.75,-0.0377213098108768
1,607112,7.0,-0.0301958173513412
1,607177,12.83,0.1228395700454711
1,607402,41.44,0.1296975910663604
1,608082,21.93,0.1531764715909958
1,608380,49.98,0.103452131152153
1,608536,3.6,-0.0591104216873645
1,608641,0.0,-0.079829916357994
1,608925,17.36,0.1496449559926986
1,609499,9.62,-0.0010550554143264
1,609972,6.73,-0.0118442522361874
1,610474,0.0,-0.0572910010814666
1,610851,12.84,0.0809229463338851
1,611281,9.71,0.0001107908974518
1,611451,4.74,-0.0553786978125572
1,611706,10.8,0.0630130469799041
1,612329,0.0,-0.0325689651072025
1,612928,6.48,-0.0251510012894868
1,613836,4.65,-0.0687638074159622
1,614162,0.0,-0.0716885551810264
1,614210,4.29,-0.0679811388254165
1,615444,3.91,-0.0578235164284706
1,616497,0.0,-0.0500875264406204
1,616541,0.0,-0.0840843319892883
1,617613,0.0,-0.0701228678226471
1,617674,6.97,-0.0348382294178009
1,617704,4.62,-0.031847033649683
1,617718,0.0,-0.0753016844391822
1,618334,12.05,0.0728545933961868
1,619543,0.0,-0.0388415493071079
1,620574,19.87,0.122412122786045
1,621043,0.0,-0.044722806662321
1,621088,10.22,0.0496432930231094
1,621957,0.0,-0.0386804416775703
1,622224,14.23,0.1290712505578994
1,623559,9.59,0.024851556867361
1,623677,0.0,-0.0879094302654266
1,624082,0.0,-0.0545439235866069
1,624125,2.8,-0.1144101321697235
1,624288,41.98,0.1950570344924926
1,624333,14.56,0.0903955996036529
1,624383,0.0,-0.0507883578538894
1,624666,18.79,0.1312121450901031
1,625675,0.0,-0.0349229201674461
1,625948,18.06,0.1184765174984932
1,625976,17.47,0.1296347975730896
1,626564,1.04,-0.1158945187926292
1,628942,6.55,-0.0348482802510261
1,628954,12.17,0.0682417824864387
1,629336,14.43,0.1481136083602905
1,629940,4.2,-0.0376005284488201
1,630073,0.0,-0.0479484535753726
1,630390,16.55,0.0921503230929374
1,630763,13.43,0.1343816816806793
1,631143,5.81,-0.0309300050139427
1,631322,0.0,-0.0891409590840339
1,631520,2.63,-0.1156128197908401
1,632377,5.35,-0.0359972231090068
1,633261,11.79,0.0571565218269825
1,633317,7.45,-0.0296589937061071
1,635460,0.0,-0.0675042197108268
1,636161,3.36,-0.0934897735714912
1,636267,25.64,0.25900599360466
1,636364,4.65,-0.0659790858626365
1,636458,21.82,0.1280645132064819
1,636572,36.92,0.1544442921876907
1,636661,0.0,-0.0985576286911964
1,637033,12.91,0.114570751786232
1,637351,10.66,0.0187504533678293
1,637785,4.6,-0.0508741475641727
1,638156,4.84,-0.0493509098887443
1,638275,3.09,-0.0842302069067955
1,638282,0.0,-0.0712025687098503
1,638309,8.65,0.0173866115510463
1,638396,14.45,0.1541500091552734
1,638721,36.86,0.1584679931402206
1,638733,12.53,0.0890695005655288
1,639647,14.53,0.146513432264328
1,639945,1.83,-0.0916903316974639
1,640480,1.56,-0.1447797268629074
1,640567,7.63,-0.0415078476071357
1,640823,0.0,-0.0784502476453781
1,640839,6.8,-0.0446673743426799
1,641266,11.01,0.0684612989425659
1,641437,13.65,0.1366420835256576
1,641906,1.82,-0.1247688010334968
1,642200,0.0,-0.0500139743089675
1,642820,0.0,-0.0579015761613845
1,643482,6.85,-0.0285774916410446
1,644003,9.65,-0.0084803681820631
1,644099,6.84,-0.0264855232089757
1,644237,0.0,-0.0641344562172889
1,644736,4.46,-0.0454384908080101
1,645039,4.29,-0.0421868227422237
1,645129,5.2,-0.0595672726631164
1,645384,9.91,0.0100901611149311
1,645455,19.22,0.1431653201580047
1,645468,32.36,0.1674263924360275
1,645686,0.0,-0.0775827094912529
1,647070,30.25,0.1987272202968597
1,647469,12.84,0.1147792935371398
1,647630,19.87,0.1266502290964126
1,647800,0.0,-0.0865136757493019
1,648044,3.64,-0.0673757046461105
1,648465,3.49,-0.0799060240387916
1,649586,6.01,-0.0342115201056003
1,650087,19.23,0.1046843901276588
1,650208,29.01,0.1618652939796447
1,650397,3.84,-0.0731582939624786
1,650825,8.71,-0.0009721777169033
1,650869,0.0,-0.0955405905842781
1,651071,14.37,0.0990079045295715
1,651433,9.4,0.0104631911963224
1,651674,16.87,0.1055110022425651
1,651900,0.99,-0.1188729926943779
1,652550,0.0,-0.0342586897313594
1,653406,4.34,-0.040049597620964
1,653561,9.02,-0.000948000641074
1,653619,9.55,0.0112724369391798
1,653894,4.05,-0.052033245563507
1,654065,27.37,0.21149443089962
1,654493,0.0,0.0201040133833885
1,654552,8.27,-0.0303099919110536
1,654809,4.48,-0.0534502640366554
1,655786,15.12,0.1699477583169937
1,656287,38.27,0.1715716868638992
1,656514,2.15,-0.1183133125305175
1,656866,39.82,0.1154594123363494
1,657248,0.0,-0.0635169148445129
1,657515,2.71,-0.0848519280552864
1,657560,42.7,0.1323992908000946
1,657588,5.22,-0.0398442558944225
1,658063,0.0,-0.0720740780234336
1,658895,13.78,0.1124419644474983
1,659812,0.0,-0.069305419921875
1,659821,18.39,0.1224350109696388
1,659939,6.16,-0.0360054858028888
1,660966,5.81,-0.0174283348023891
1,661581,11.36,0.0706895962357521
1,664405,0.0,-0.0853916630148887
1,665513,61.48,0.2663733959197998
1,667274,1.22,-0.1125230863690376
1,667528,17.64,0.0791586488485336
1,668787,8.83,0.0201837215572595
1,668979,2.67,-0.1091646030545234
1,669571,2.3,-0.1206245273351669
1,669605,6.54,-0.0261913761496543
1,669978,19.28,0.1685089617967605
1,670245,2.27,-0.1124081537127494
1,670357,5.83,-0.0168685019016265
1,672550,7.64,-0.0203864779323339
1,672652,5.6,-0.0600628890097141
1,672796,92.7,0.2901220619678497
1,673170,14.97,0.0904126986861229
1,673647,1.22,-0.1451915353536605
1,674339,0.0,-0.0235659200698137
1,674352,20.59,0.1515783816576004
1,674391,17.92,0.0790915265679359
1,675075,12.8,0.088328018784523
1,675288,16.07,0.1158717274665832
1,676526,22.86,0.1554706692695617
1,676542,7.98,-0.0332136936485767
1,677104,0.0,-0.0629457384347915
1,677866,4.59,-0.0467019379138946
1,679214,7.23,-0.0306526534259319
1,679266,9.0,-0.0041108904406428
1,679882,4.64,-0.0660160705447197
1,680321,0.0,-0.0809485092759132
1,680686,24.52,0.1656115502119064
1,680692,6.47,-0.0278808288276195
1,681054,14.04,0.1102042868733406
1,681087,0.0,-0.0197914447635412
1,681192,22.17,0.1319312304258346
1,682093,17.83,0.1244686692953109
1,682627,0.0,-0.0683092847466468
1,683624,8.37,-0.0074867159128189
1,684080,46.3,0.1651089936494827
1,684430,6.77,-0.0251984391361475
1,684435,3.74,-0.0715087726712226
1,684455,2.44,-0.1169730275869369
1,685193,26.32,0.1932262629270553
1,685584,0.0,-0.0313969440758228
1,685585,0.0,-0.0738700032234191
1,686493,31.55,0.1971334367990493
1,686530,9.44,-0.0043003973551094
1,686573,8.8,-0.000890034425538
1,686858,0.0,-0.017219079658389
1,687436,0.0,-0.063518688082695
1,687626,23.09,0.1627375483512878
1,687655,16.42,0.1780762523412704
1,687738,5.71,-0.0343240313231945
1,689062,7.45,-0.024456912651658
1,689280,1.27,-0.124061070382595
1,689365,7.48,-0.0259965732693672
1,689458,2.79,-0.112452745437622
1,689755,6.58,-0.0204288773238658
1,689928,0.0,-0.0443815924227237
1,690635,10.5,0.0540039986371994
1,691267,24.29,0.1753948330879211
1,692633,6.2,-0.040175337344408
1,692636,0.0,-0.0573470704257488
1,693492,11.18,0.0482197925448417
1,693725,4.55,-0.0501133687794208
1,694318,4.75,-0.0613200478255748
1,694545,23.31,0.1687091141939163
1,694900,52.09,0.2846986949443817
1,696463,2.81,-0.1153013929724693
1,696848,12.91,0.0818629786372184
1,696998,2.63,-0.0965465754270553
1,697012,3.85,-0.0579251945018768
1,698872,16.61,0.0988146215677261
1,699748,14.07,0.1069066822528839
1,699756,17.97,0.1039704382419586
1,700740,12.57,0.133700743317604
1,701129,0.0,-0.03664406016469
1,701303,1.88,-0.1312375962734222
1,701427,15.9,0.1613705605268478
1,701816,2.65,-0.0750936567783355
1,702014,10.28,0.0499576441943645
1,702154,8.47,-0.003041515359655
1,702212,0.0,-0.0614099279046058
1,703082,0.0,-0.0393651239573955
1,703166,3.88,-0.0677724108099937
1,703318,23.09,0.1392300575971603
1,703665,13.39,0.1277069896459579
1,703990,2.64,-0.1031315773725509
1,704604,46.18,0.1795300096273422
1,705388,17.67,0.1174704208970069
1,705796,7.42,-0.0287700444459915
1,706200,12.03,0.0697169601917266
1,706577,20.1,0.1246989592909812
1,706725,2.71,-0.1092820465564727
1,708503,10.24,0.0327659212052822
1,708505,8.18,-0.0200152806937694
1,709198,0.0,-0.0819232538342475
1,709575,7.19,-0.0218210499733686
1,709672,1.59,-0.127190500497818
1,709956,7.1,-0.0247212406247854
1,710295,24.8,0.1412135958671569
1,711088,17.64,0.1354287415742874
1,711181,9.54,0.0064905518665909
1,711350,2.62,-0.1029989346861839
1,711554,5.0,-0.0558767057955265
1,712071,1.95,-0.1326432228088379
1,712709,0.0,-0.0609521642327308
1,713252,1.6,-0.0780304297804832
1,713533,9.99,0.0009888630593195
1,714881,7.55,-0.0339509770274162
1,715705,0.0,-0.0697050765156745
1,715847,0.0,-0.0569180771708488
1,716003,2.31,-0.0818371251225471
1,716701,0.0,-0.0946907699108123
1,716848,7.45,-0.0304494630545377
1,717099,2.7,-0.1079880371689796
1,717469,6.61,-0.0345810018479824
1,718287,14.25,0.0779789090156555
1,718716,0.0,-0.0527575425803661
1,718829,1.8,-0.1382566094398498
1,719062,20.38,0.1069835722446441
1,719312,3.96,-0.0536056831479072
1,719566,4.32,-0.0456024967133998
1,720189,7.29,-0.0270956996828317
1,720737,5.96,-0.0314253270626068
1,720988,4.13,-0.0751427859067916
1,720993,8.42,-0.0034279474057257
1,721117,1.16,-0.126605749130249
1,721710,18.44,0.1108500808477401
1,722726,12.02,0.0574039183557033
1,722839,5.86,-0.025135388597846
1,723154,3.59,-0.0735394582152366
1,723394,0.0,-0.0911907628178596
1,723533,5.02,-0.050797089934349
1,723881,0.93,-0.1266715079545974
1,724320,5.25,-0.0613150373101234
1,724480,5.46,-0.0379797294735908
1,725238,1.68,-0.1056532561779022
1,726454,2.12,-0.0979651063680648
1,727020,0.0,-0.0678829103708267
1,728300,3.71,-0.0760498866438865
1,728445,1.19,-0.1438686996698379
1,729696,0.0,-0.083301804959774
1,730332,13.03,0.1212493032217025
1,730951,0.67,-0.1562809348106384
1,731761,0.0,-0.0985749289393425
1,734105,9.03,0.0026438366621732
1,734508,9.63,0.0074778837151825
1,734593,8.6,-0.0069262599572539
1,734792,4.84,-0.0502090975642204
1,734910,5.44,-0.0519181676208972
1,735345,44.18,0.0938806235790252
1,736522,0.0,-0.0505020022392272
1,737599,0.0,-0.0244937874376773
1,737816,11.76,0.0278732273727655
1,737896,1.98,-0.1141943857073783
1,738954,5.32,-0.0338705815374851
1,739567,11.55,0.0444584190845489
1,739632,3.45,-0.1038684770464897
1,740114,14.72,0.1063641309738159
1,740241,0.0,-0.0807157382369041
1,741483,0.38,-0.09703379124403
1,741787,8.11,-0.0254120677709579
1,742021,5.8,-0.0282677449285984
1,742073,3.26,-0.080452412366867
1,742750,5.67,-0.0349697917699813
1,743625,25.03,0.1521967649459839
1,743676,0.0,-0.0897409617900848
1,743989,1.25,-0.1279897540807724
1,744617,0.0,-0.0103380670771002
1,744974,11.45,0.0677189975976944
1,745498,11.56,0.043496161699295
1,745769,2.98,-0.0803641080856323
1,745938,5.29,-0.0553635619580745
1,746011,1.87,-0.1117754057049751
1,746100,4.69,-0.0574648715555667
1,747067,11.87,0.0859585329890251
1,747100,20.12,0.1199504733085632
1,747180,19.96,0.1141122132539749
1,747807,7.72,-0.0277895983308553
1,747816,0.0,-0.0771946907043457
1,748600,13.06,0.150744691491127
1,748990,0.0,-0.0829038247466087
1,750498,32.5,0.158638522028923
1,751112,12.38,0.1099587380886077
1,751653,0.0,-0.0472401678562164
1,752586,43.69,0.1202089488506317
1,752649,6.77,-0.0283214226365089
1,752712,0.0,-0.0524345636367797
1,753438,4.77,-0.045434508472681
1,755049,0.0,-0.0393674820661544
1,755136,7.49,-0.0346095077693462
1,755264,30.63,0.1650234162807464
1,755300,25.84,0.2195026725530624
1,755517,0.0,-0.0602716952562332
1,755642,62.81,0.3391255736351013
1,755785,8.33,-0.0067819841206073
1,756041,12.99,0.0998174920678138
1,756140,5.78,-0.0279346760362386
1,756637,1.03,-0.1369227021932602
1,757273,3.46,-0.0743973851203918
1,757296,12.92,0.0876673609018325
1,757818,2.32,-0.0902099758386612
1,758042,0.36,-0.132173478603363
1,758158,9.36,0.0081333685666322
1,758266,1.43,-0.1084601208567619
1,758276,5.26,-0.0611008331179618
1,758460,6.04,-0.0225527640432119
1,758932,10.59,0.0555596835911273
1,761006,13.44,0.1006093174219131
1,761139,0.0,-0.0775460600852966
1,761243,0.0,-0.0722442641854286
1,761467,4.48,-0.0466336607933044
1,762009,10.64,0.0176303833723068
1,763531,3.1,-0.1014523953199386
1,763791,53.67,0.1503868103027343
1,764423,27.16,0.2071423977613449
1,764545,17.39,0.1237568408250808
1,764695,11.62,0.038332387804985
1,765477,20.75,0.0836454108357429
1,765698,2.25,-0.1203214302659034
1,766004,0.0,-0.0528200082480907
1,766203,10.07,0.0621720626950264
1,766834,2.87,-0.1142352223396301
1,767231,9.57,0.004826767835766
1,767304,0.0,-0.0858860686421394
1,767375,0.0,-0.0465796291828155
1,768512,6.59,-0.0286137703806161
1,769564,25.06,0.1491076201200485
1,770058,6.57,-0.0335239097476005
1,770215,22.47,0.1185321509838104
1,770715,6.29,-0.0484140589833259
1,770757,0.0,-0.0571872182190418
1,771576,40.82,0.1662686169147491
1,771716,17.76,0.1320143491029739
1,772591,0.0,-0.0424200482666492
1,772628,5.11,-0.0504978112876415
1,773293,0.0,-0.0672955363988876
1,773378,0.0,-0.0528546757996082
1,773506,8.22,-0.0245549753308296
1,774119,22.44,0.1526705175638198
1,774382,6.57,-0.0312071554362773
1,774496,0.0,-0.0724161192774772
1,774883,0.79,-0.1521068066358566
1,774898,11.08,0.0458884611725807
1,775085,2.85,-0.1027296036481857
1,775343,7.23,-0.0263515263795852
1,775546,0.0,-0.0589237958192825
1,775817,2.0,-0.1137527897953987
1,776099,7.49,-0.0293972119688987
1,776664,61.22,0.2223003506660461
1,776884,7.54,-0.0368204936385154
1,777063,43.81,0.0811458304524421
1,777209,19.41,0.1423512250185012
1,777464,24.15,0.1295765191316604
1,778258,5.11,-0.0369591973721981
1,778317,12.1,0.0650477558374404
1,779167,13.44,0.1081341132521629
1,780008,8.55,0.0299414340406656
1,780075,8.24,-0.0265555009245872
1,780751,8.66,0.0021597044542431
1,781133,8.28,-0.0402961149811744
1,781289,7.24,-0.0304300170391798
1,781409,30.57,0.179717481136322
1,781941,0.0,-0.0814091712236404
1,782340,0.0,-0.054730836302042
1,782454,8.83,0.0044121528044342
1,782465,0.0,-0.0407734625041484
1,783677,2.46,-0.1150382533669471
1,783794,2.36,-0.1074468791484832
1,783809,14.6,0.1167223379015922
1,785033,0.0,-0.0511506795883178
1,785187,4.32,-0.0384402610361576
1,785472,15.81,0.1671236157417297
1,785729,0.0,-0.046120174229145
1,785791,9.43,-0.0036872255150228
1,786175,8.87,0.0002210808743257
1,786943,13.16,0.1074567213654518
1,787860,2.29,-0.1299105882644653
1,788093,3.97,-0.0517333671450614
1,788183,2.2,-0.1103181317448616
1,790694,17.41,0.1072972491383552
1,790775,38.06,0.1491433531045913
1,790961,5.29,-0.0512409657239913
1,791435,21.68,0.1648816168308258
1,792004,1.54,-0.1145680621266365
1,792257,4.64,-0.0536052770912647
1,792291,0.0,-0.0576333589851856
1,792345,0.0,-0.0680982694029808
1,793304,7.3,-0.0361454300582408
1,794269,6.8,-0.0131964376196265
1,794588,3.5,-0.0708059892058372
1,794786,3.13,-0.0974336564540863
1,794899,8.74,0.011177365668118
1,796194,0.0,-0.0451303496956825
1,796302,9.68,0.0179680436849594
1,796473,6.35,-0.0286636464297771
1,796938,5.0,-0.0537419654428958
1,797164,0.0,-0.0387963578104972
1,797621,9.92,-0.0088794361799955
1,797756,3.55,-0.0819674357771873
1,797914,7.56,-0.0240712631493806
1,798035,10.52,0.0642631128430366
1,798388,3.05,-0.0743041187524795
1,798422,72.1,0.2510004043579101
1,798557,9.24,0.0128636732697486
1,799269,15.91,0.1011012345552444
1,799524,14.75,0.0676736459136009
1,800004,15.55,0.1355976164340973
1,800391,5.66,-0.0416205152869224
1,800536,0.0,-0.0383536741137504
1,800986,0.0,-0.0544149577617645
1,801577,4.59,-0.0422986634075641
1,802491,10.01,0.0464806146919727
1,802634,9.56,0.0046629342250525
1,803239,18.08,0.1409103870391845
1,804134,15.97,0.115250714123249
1,804137,2.96,-0.1035379469394683
1,804446,3.87,-0.0705033019185066
1,804547,19.85,0.1008333265781402
1,804562,0.0,-0.063458576798439
1,805214,1.6,-0.1474795937538147
1,806531,8.7,0.0154743278399109
1,807686,14.68,0.1029739677906036
1,807892,0.0,-0.0665419101715087
1,808353,0.0,-0.0469924360513687
1,808364,8.15,-0.0318720452487468
1,808765,3.09,-0.0748788490891456
1,809253,2.17,-0.1079892516136169
1,809424,16.17,0.124563492834568
1,809677,3.6,-0.0858929827809333
1,810399,1.91,-0.0965612381696701
1,811059,31.92,0.1636367291212082
1,812071,1.15,-0.106345497071743
1,812236,10.55,0.0521015152335166
1,812596,0.0,-0.0771690756082534
1,812614,13.6,0.0801474452018737
1,812651,4.7,-0.0467567443847656
1,812970,0.0,-0.0506088212132453
1,813195,15.92,0.0969759598374366
1,813199,27.4,0.1937185972929
1,813844,6.8,-0.0346391387283802
1,813857,10.99,0.0798683241009712
1,814382,3.9,-0.0574330575764179
1,814544,5.54,-0.0541024766862392
1,815016,2.64,-0.1018986403942108
1,815087,2.46,-0.1124000251293182
1,815315,0.0,-0.0587300024926662
1,815327,34.92,0.1411096006631851
1,817050,0.0,-0.066060371696949
1,817576,0.0,-0.0422047823667526
1,817659,0.0,-0.0765151679515838
1,817793,18.76,0.1396634429693222
1,817985,7.36,-0.0283772628754377
1,818106,3.08,-0.0717081427574157
1,818647,12.02,0.0389512479305267
1,819488,5.69,-0.0198287852108478
1,819968,10.57,0.0097048059105873
1,820629,12.06,0.140685960650444
1,820784,0.0,-0.0415936037898063
1,820978,4.1,-0.0691986680030822
1,821907,5.84,-0.0300037078559398
1,822041,2.48,-0.1056907251477241
1,822094,4.88,-0.0479170121252536
1,822353,15.35,0.1512853354215622
1,822550,7.64,-0.0316114984452724
1,823287,7.92,-0.033478632569313
1,823482,0.0,-0.022679578512907
1,824198,0.0,-0.0794593840837478
1,825041,14.2,0.076966643333435
1,825356,8.33,0.0168269351124763
1,826267,0.0,-0.0716596841812133
1,826665,0.0,-0.0662310644984245
1,826858,0.0,-0.0982980355620384
1,827036,0.0,-0.0693500414490699
1,827292,0.0,-0.0398531593382358
1,827568,25.56,0.2336248904466629
1,827634,0.0,-0.0460502505302429
1,827791,15.11,0.1234250590205192
1,827988,3.26,-0.0943308696150779
1,828266,0.0,-0.0540535449981689
1,828285,1.65,-0.13651904463768
1,828814,1.8,-0.1175461336970329
1,830665,0.0,-0.0689014121890068
1,832398,17.27,0.1542922556400299
1,834247,0.0,-0.0507623702287673
1,834536,60.48,0.2540665566921234
1,835007,3.16,-0.0989512875676155
1,835538,20.92,0.1300744712352752
1,836099,37.42,0.1579765379428863
1,837099,0.0,-0.0807397663593292
1,837306,3.75,-0.0695272088050842
1,837314,6.3,-0.022144703194499
1,838762,15.9,0.1700818091630935
1,839953,2.57,-0.1015643700957298
1,840515,12.09,0.0646246969699859
1,842164,6.0,-0.0309673696756362
1,842286,1.24,-0.0950862988829612
1,842582,0.0,-0.0479645989835262
1,843139,6.1,-0.0318928845226764
2,424,49.55,0.23627969622612
2,848,2.62,-0.09420657902956
2,1680,12.3,0.0918338298797607
2,3173,5.77,-0.0124333119019865
2,3325,17.64,0.1056496500968933
2,4135,6.44,-0.0238014105707407
2,4250,8.78,-0.0093254288658499
2,4413,0.0,-0.0519079193472862
2,5671,0.0,-0.0634387284517288
2,5784,8.02,-0.0154349422082304
2,6079,0.0,-0.0426053740084171
2,6941,0.0,-0.0684786811470985
2,7013,14.08,0.1177296787500381
2,7789,34.31,0.1710637062788009
2,7942,10.3,0.0346385054290294
2,8024,36.39,0.248396947979927
2,8301,14.63,0.0959718972444534
2,8315,34.57,0.1667220890522003
2,8348,13.95,0.0972683280706405
2,8616,16.48,0.1205971613526344
2,8661,3.53,-0.109159879386425
2,8676,5.13,-0.0527333095669746
2,8762,19.31,0.1513695269823074
2,8843,23.77,0.1514264494180679
2,8983,0.0,-0.0189482048153877
2,9007,22.57,0.1677474230527877
2,9083,0.0,-0.0653570666909217
2,10043,17.22,0.1234381794929504
2,10340,2.58,-0.1034666746854782
2,10799,24.83,0.1399634480476379
2,10816,12.79,0.0650747120380401
2,11574,1.08,-0.1478999555110931
2,12297,7.77,-0.0259733106940984
2,12683,67.8,0.2036989629268646
2,13415,14.82,0.1065960749983787
2,13916,3.95,-0.0594051405787467
2,14522,4.48,-0.0629704743623733
2,15339,11.74,0.018935052677989
2,15478,9.41,-0.0037811629008501
2,15544,0.0,-0.0545670837163925
2,15716,3.19,-0.0902041345834732
2,16567,14.58,0.0857490226626396
2,16990,21.89,0.1416491121053695
2,18073,28.55,0.2095696479082107
2,18080,26.64,0.2075302302837371
2,18170,45.16,0.1966830492019653
2,18463,1.74,-0.0856081768870353
2,19011,3.6,-0.0749104097485542
2,19068,0.0,-0.0673621296882629
2,19287,17.28,0.1088850423693656
2,19571,7.65,-0.0253168325871229
2,20187,0.0,-0.0809313133358955
2,20392,0.0,-0.0423094592988491
2,20538,1.79,-0.0976194813847541
2,21845,5.06,-0.0523866489529609
2,22048,2.25,-0.1200320869684219
2,23431,0.0,-0.0647255554795265
2,23576,13.82,0.0667707771062851
2,24123,4.25,-0.0573227331042289
2,24243,10.63,0.0753261819481849
2,24349,17.8,0.1004465296864509
2,25032,13.36,0.1396297514438629
2,25700,48.2,0.2030998021364212
2,25947,7.56,-0.0228477828204631
2,26089,3.11,-0.089010551571846
2,26123,17.95,0.1170081421732902
2,26699,6.48,-0.0262243505567312
2,27100,0.0,-0.0410853400826454
2,27375,3.47,-0.0742123797535896
2,28563,0.0,-0.0571998432278633
2,28685,0.0,-0.046255175024271
2,28771,36.17,0.1334026753902435
2,28813,11.7,0.0402278527617454
2,29052,0.0,-0.0632817447185516
2,29334,5.14,-0.070366621017456
2,29449,0.0,-0.065435342490673
2,30056,15.32,0.1193486005067825
2,30161,0.0,-0.07977145165205
2,30245,130.08,0.1822380572557449
2,30320,3.88,-0.0803568363189697
2,30566,7.58,-0.0251921527087688
2,30591,16.29,0.156540647149086
2,30906,0.0,-0.0414494238793849
2,30937,5.93,-0.0143902143463492
2,31186,0.0,-0.0639069080352783
2,31503,0.0,-0.0392085015773773
2,31852,5.64,-0.0543285347521305
2,32555,28.49,0.1818859428167343
2,32678,12.11,0.09959327429533
2,32753,23.67,0.1488698124885559
2,32982,6.55,-0.0322848334908485
2,33273,5.03,-0.0769115313887596
2,33492,5.81,-0.0292911771684885
2,35269,20.53,0.137730062007904
2,35983,12.37,0.0625187456607818
2,35994,9.06,-0.0087403487414121
2,36799,10.47,0.0543496906757354
2,38146,12.29,0.061535146087408
2,38570,9.35,0.0040343543514609
2,39611,7.29,-0.0163489300757646
2,40642,32.68,0.2677974104881286
2,41386,4.02,-0.0535361915826797
2,41755,34.13,0.2221666425466537
2,42919,5.29,-0.0388861261308193
2,43026,3.14,-0.107151985168457
2,43179,0.0,-0.0485836938023567
2,43502,5.29,-0.0878284722566604
2,43533,6.7,-0.0240739528089761
2,43602,6.05,-0.0108266025781631
2,43957,11.85,0.0630746781826019
2,44305,2.92,-0.086293801665306
2,44442,11.12,0.0300420094281435
2,45115,20.27,0.13075652718544
2,45228,22.95,0.2116434574127197
2,45729,7.85,-0.0304683297872543
2,46520,0.0,-0.0290712285786867
2,46555,8.25,-0.014902320690453
2,47126,13.91,0.1024471968412399
2,47620,8.22,-0.0280720368027687
2,47694,11.39,0.0460154563188552
2,47756,19.12,0.1163365840911865
2,48195,5.39,-0.0610708706080913
2,48537,22.62,0.1395880877971649
2,48808,0.0,-0.0488696508109569
2,48845,0.83,-0.0989827141165733
2,48855,6.21,-0.0242991149425506
2,48994,17.05,0.1317888349294662
2,50175,3.67,-0.0876682177186012
2,50298,6.45,-0.0238167718052864
2,50891,86.44,0.3250432908535003
2,50898,6.87,-0.0254499185830354
2,50909,14.63,0.1295627355575561
2,51594,51.99,0.2318617701530456
2,52030,6.36,-0.0217854119837284
2,52935,1.11,-0.1277562528848648
2,53104,1.46,-0.1113462969660759
2,53211,2.85,-0.1055156141519546
2,53232,14.66,0.1028283387422561
2,53295,0.0,-0.0673309862613678
2,54209,4.89,-0.0837886184453964
2,54841,19.8,0.0963141769170761
2,54883,11.76,0.0429445914924144
2,55121,0.0,-0.0520236380398273
2,55754,0.0,-0.0368398018181324
2,56149,2.84,-0.1024377569556236
2,56422,4.95,-0.07598277926445
2,56878,2.47,-0.1061202511191368
2,56909,17.62,0.0944079458713531
2,57416,4.47,-0.0601587630808353
2,57821,0.65,-0.1221660375595092
2,58023,6.63,-0.0141100455075502
2,59526,1.89,-0.1013621911406517
2,59807,34.64,0.1842709928750991
2,60198,5.04,-0.0617016740143299
2,60756,26.85,0.1743494868278503
2,60829,7.38,-0.0180636756122112
2,61642,0.0,-0.0222605392336845
2,61824,16.24,0.0864602252840995
2,62006,0.0,-0.019858906045556
2,62820,3.57,-0.0786614418029785
2,62892,4.79,-0.0638190060853958
2,64238,6.83,-0.0227645989507436
2,64926,0.0,-0.0634291991591453
2,65430,9.16,0.0041251415386796
2,65536,0.0,-0.0580110251903533
2,65634,0.0,-0.0644916296005249
2,65905,4.54,-0.0557900369167327
2,66750,10.47,0.0435810387134552
2,66949,28.5,0.2527803182601928
2,67013,2.64,-0.1021851673722267
2,67255,0.0,-0.0586091727018356
2,67514,12.02,0.0152677483856678
2,69060,13.23,0.0602140799164772
2,71093,9.23,-0.0051525593735277
2,71187,29.05,0.187648519873619
2,71509,2.69,-0.1168092265725135
2,74246,0.0,-0.0863117352128028
2,74258,4.38,-0.0517842397093772
2,74704,0.0,-0.1001484468579292
2,75388,0.0,-0.0340775176882743
2,75887,0.0,-0.0523573718965053
2,75926,4.33,-0.0608966276049613
2,77704,3.25,-0.0914638862013816
2,79093,3.04,-0.0884043276309967
2,79359,0.0,-0.0855617746710777
2,79608,6.3,-0.0239151436835527
2,80042,33.71,0.2151342034339904
2,80046,0.0,-0.0817520171403884
2,80106,0.0,-0.0746501088142395
2,80127,7.54,-0.0196828134357929
2,80286,22.11,0.193088561296463
2,80420,35.67,0.1755231618881225
2,80868,22.27,0.1225132942199707
2,81811,58.82,0.3385064899921417
2,82321,2.73,-0.1038308441638946
2,82462,8.58,-0.0123839499428868
2,82604,15.24,0.1856382191181183
2,82919,0.0,-0.0487206168472766
2,83043,6.98,-0.0223178658634424
2,83065,18.65,0.1294712871313095
2,83727,0.0,-0.0574441999197006
2,83866,38.89,0.1967045813798904
2,83948,10.92,0.0361538007855415
2,84190,0.0,-0.0589214190840721
2,84383,14.94,0.1227851882576942
2,85417,18.88,0.1553504317998886
2,85701,4.73,-0.0515246391296386
2,85939,0.95,-0.1345157921314239
2,86612,16.39,0.0995942279696464
2,86853,2.93,-0.1012952178716659
2,86948,12.23,0.0620830729603767
2,87169,12.04,0.0823177918791771
2,87518,0.0,-0.0917930528521537
2,87671,0.0,-0.0462788306176662
2,87802,12.17,0.0568230263888835
2,88146,12.38,0.0320204123854637
2,88661,24.1,0.1401087939739227
2,89148,35.74,0.1377846598625183
2,89614,0.0,-0.0721514597535133
2,90335,0.63,-0.1401756405830383
2,90346,18.82,0.1467880010604858
2,90560,17.9,0.1342640370130539
2,90607,1.28,-0.1194026693701744
2,90703,7.73,-0.0228511244058609
2,90764,11.79,0.0416852161288261
2,91886,33.6,0.179542675614357
2,91946,0.0,-0.0690838694572448
2,92164,0.0,-0.0354537181556224
2,92552,2.55,-0.0793704017996788
2,93325,10.73,0.0386966541409492
2,93669,12.97,0.105939008295536
2,93771,45.77,0.2111843228340149
2,94189,35.36,0.195966437458992
2,94410,0.0,-0.0557108744978904
2,94500,70.42,0.1690487265586853
2,95106,2.98,-0.0914030373096466
2,96031,44.81,0.216672345995903
2,96328,4.86,-0.0607411563396453
2,96598,14.7,0.1415674537420272
2,96997,4.05,-0.0702114477753639
2,97364,2.81,-0.1164863929152488
2,98324,12.25,0.08921729773283
2,99157,0.0,-0.0435023121535778
2,99264,26.48,0.2105856537818908
2,99455,29.81,0.146081194281578
2,99645,10.82,0.0502059087157249
2,100251,40.83,0.1968920230865478
2,100816,11.7,0.0658634603023529
2,100820,19.42,0.1185081526637077
2,101618,0.0,-0.0675216615200042
2,101873,7.28,-0.0186424292623996
2,102161,0.97,-0.0954907238483429
2,102905,3.9,-0.0469959564507007
2,102954,6.25,-0.0082021867856383
2,103233,9.09,-0.005230882205069
2,103300,17.88,0.1614170223474502
2,103310,6.06,-0.0047193607315421
2,103590,0.59,-0.1520866304636001
2,103689,4.93,-0.0815284550189971
2,103977,0.0,-0.0835525766015052
2,104089,3.47,-0.0950209274888038
2,104112,2.47,-0.1156684905290603
2,104548,32.62,0.2639629542827606
2,104669,0.0,-0.0821183174848556
2,104828,17.43,0.097184345126152
2,104912,4.66,-0.0487128011882305
2,105402,2.99,-0.0772127211093902
2,105952,20.33,0.1348381489515304
2,106034,0.0,-0.0449305959045887
2,107627,13.84,0.0790700241923332
2,107708,0.0,-0.0276216343045234
2,107862,5.1,-0.0590930320322513
2,108360,18.21,0.1101235747337341
2,108912,0.0,-0.0440437234938144
2,109417,29.8,0.2384957075119018
2,109701,7.84,-0.0221260972321033
2,110032,3.3,-0.0837519466876983
2,110506,4.62,-0.048453252762556
2,111749,6.15,-0.0170078091323375
2,112006,2.69,-0.1177369281649589
2,112306,0.0,-0.0661257728934288
2,112504,13.54,0.0987568199634552
2,113553,19.54,0.1120094060897827
2,113566,5.79,-0.0166309680789709
2,113740,3.98,-0.0699025467038154
2,114141,19.88,0.1419554650783538
2,114240,0.0,-0.0271598324179649
2,114372,104.82,0.2644215822219848
2,114499,6.98,-0.0303373895585536
2,114810,15.77,0.1151645705103874
2,115552,10.68,0.0499012246727943
2,115738,8.76,0.0003305736754555
2,115828,0.0,-0.0633318424224853
2,115853,0.0,-0.1061106771230697
2,116377,0.0,-0.0698580518364906
2,116675,4.45,-0.0604716055095195
2,117439,0.0,-0.044771984219551
2,117638,0.0,-0.1042310521006584
2,118043,2.51,-0.1162519976496696
2,118625,11.94,0.0238312296569347
2,119226,0.0,-0.0779041424393653
2,119594,3.48,-0.069160021841526
2,120560,58.48,0.3032932877540588
2,121135,7.55,-0.0267070494592189
2,122044,8.92,0.0159693043678998
2,122319,22.82,0.1260557472705841
2,122742,11.92,0.0252991821616888
2,123350,0.46,-0.1154597625136375
2,124470,7.68,-0.0070600793696939
2,124534,0.0,-0.0599650889635086
2,124754,2.56,-0.1084666848182678
2,124814,2.19,-0.0958691611886024
2,124967,0.0,-0.0444701239466667
2,125195,4.19,-0.0513752102851867
2,125731,9.13,0.0012209907872602
2,126240,5.57,-0.0675672069191932
2,126889,0.0,-0.0585438348352909
2,127768,0.0,-0.062710590660572
2,127973,4.25,-0.0546619370579719
2,127982,3.93,-0.0599182620644569
2,128758,8.58,0.0249321386218071
2,128818,0.27,-0.1304012835025787
2,129448,17.26,0.1282725483179092
2,129772,10.76,0.0280382428318262
2,130039,3.59,-0.0666514635086059
2,130337,7.9,-0.0271700210869312
2,130352,0.0,-0.1102526411414146
2,130827,0.0,-0.0471937805414199
2,130835,10.8,0.0738445818424224
2,131236,47.48,0.1867079585790634
2,131295,2.84,-0.104057990014553
2,131466,12.65,0.1227769628167152
2,131881,4.88,-0.05419797077775
2,131990,4.22,-0.0700417086482048
2,132261,6.8,-0.0187867302447557
2,133460,8.49,-0.0034271625336259
2,133956,2.04,-0.091431014239788
2,133971,5.67,-0.0105548845604062
2,134159,0.0,-0.0443504154682159
2,134685,3.0,-0.0714575722813606
2,136595,40.73,0.1452095359563827
2,136891,11.68,0.0486738421022892
2,137556,4.44,-0.0587209239602088
2,138121,31.01,0.1605099290609359
2,138973,2.99,-0.0843786746263504
2,139228,7.65,-0.0280703660100698
2,140124,0.0,-0.0974534153938293
2,140217,9.09,-0.0026169472839683
2,140480,13.29,0.1004193648695945
2,140597,8.43,-0.0077115390449762
2,140765,0.0,-0.0459104962646961
2,141208,27.7,0.2168744653463363
2,142332,0.0,-0.0938186049461364
2,142547,6.58,-0.0302101895213127
2,142719,0.0,-0.0916440114378929
2,143674,0.0,-0.0485442876815795
2,143749,36.57,0.1408285498619079
2,143938,11.06,0.0649044588208198
2,144552,2.06,-0.0792181342840194
2,145626,0.0,-0.047844149172306
2,145724,1.83,-0.10568368434906
2,145898,0.0,-0.0526860617101192
2,146585,0.0,-0.0891986414790153
2,147117,22.77,0.1248902305960655
2,148026,16.81,0.1468879431486129
2,148111,0.0,-0.0471642836928367
2,149044,0.0,-0.0571384839713573
2,149732,4.74,-0.0679119229316711
2,149998,34.36,0.1555408984422683
2,150631,0.0,-0.0558149181306362
2,150988,0.0,-0.0457271598279476
2,151233,5.6,-0.0657048895955085
2,151363,10.7,0.0689255520701408
2,151790,9.61,0.0106189204379916
2,153672,0.0,-0.0383874177932739
2,153942,5.35,-0.0692648887634277
2,153990,0.0,-0.0273370705544948
2,154420,0.0,-0.0730159804224968
2,154786,2.21,-0.0698675513267517
2,155532,7.3,-0.0062273857183754
2,155921,5.41,-0.0670116916298866
2,156174,1.9,-0.0963983312249183
2,156310,4.97,-0.0658351778984069
2,156626,0.0,-0.0631689578294754
2,157162,0.0,-0.0445828437805175
2,157334,20.97,0.1169800609350204
2,157863,0.0,-0.0096766743808984
2,157956,5.14,-0.0470044799149036
2,158397,11.63,0.0508652031421661
2,158418,7.69,-0.0340714938938617
2,159397,0.0,-0.1069109365344047
2,159558,6.44,-0.0226126722991466
2,159878,17.27,0.1331530660390854
2,159926,1.46,-0.1062787994742393
2,160190,7.2,0.0087841674685478
2,160683,2.01,-0.111700564622879
2,162019,2.57,-0.0909930765628814
2,162292,0.0,-0.0502650141716003
2,162654,0.0,-0.0541123636066913
2,162759,11.49,0.0393494591116905
2,163054,16.91,0.1076573058962822
2,163095,0.0,-0.048844501376152
2,163177,10.65,0.0485595390200614
2,163253,11.44,0.0558853894472122
2,164083,0.0,-0.0547098517417907
2,164152,2.81,-0.1118895411491394
2,164580,0.0,-0.0722629949450492
2,164700,5.38,-0.0725315362215042
2,165557,21.36,0.1345791071653366
2,165709,0.0,-0.0681157410144805
2,166548,0.0,-0.0850086510181427
2,166553,23.91,0.1435818374156952
2,167263,2.98,-0.0897640436887741
2,167472,13.16,0.1496602445840835
2,168064,2.45,-0.1012345924973487
2,169443,0.0,-0.0942050889134407
2,169475,0.82,-0.1454832553863525
2,170400,13.96,0.0829011797904968
2,170487,31.85,0.2025847733020782
2,171132,12.42,0.054847352206707
2,171537,10.56,0.0674851685762405
2,171538,34.92,0.1520679593086242
2,171977,24.3,0.1231933087110519
2,172146,13.53,0.0746018886566162
2,172396,6.87,-0.0269932951778173
2,172596,2.75,-0.1252572536468505
2,173011,7.49,-0.0224232804030179
2,173064,3.64,-0.0821027681231498
2,173299,0.0,-0.0399781763553619
2,174069,3.74,-0.0533720888197422
2,174277,3.8,-0.074255958199501
2,174558,1.89,-0.0929983779788017
2,175039,2.89,-0.0939030945301055
2,175172,8.92,0.0032643980812281
2,175200,5.32,-0.049037504941225
2,175605,5.99,-0.031289342790842
2,176338,5.21,-0.0650029256939888
2,177150,3.46,-0.0938149467110633
2,177458,1.77,-0.1168651431798935
2,177556,4.55,-0.0797404944896698
2,177828,7.82,-0.0124022420495748
2,177930,6.71,-0.0212781783193349
2,178652,0.0,-0.073651909828186
2,179614,3.22,-0.0800447762012481
2,179679,3.59,-0.0864910706877708
2,180029,0.0,-0.073651909828186
2,180333,3.82,-0.080714650452137
2,181172,6.36,-0.02064024284482
2,182058,1.31,-0.1079044416546821
2,182150,1.75,-0.1063905507326126
2,182258,2.03,-0.1074647530913353
2,184661,3.39,-0.0937036126852035
2,185214,0.0,-0.0752732828259468
2,186352,3.59,-0.0709252208471298
2,188145,14.55,0.0868683233857154
2,188755,2.07,-0.1027573123574256
2,189499,2.55,-0.0958363339304924
2,189708,18.55,0.1001946479082107
2,189812,6.68,-0.0210501216351985
2,189857,2.79,-0.0974498689174652
2,190211,41.78,0.211337074637413
2,190269,17.4,0.1482942998409271
2,190684,0.0,-0.0647623166441917
2,190784,0.0,-0.0600099936127662
2,191183,23.49,0.147377610206604
2,191491,4.32,-0.0651669651269912
2,191495,5.67,-0.0137446159496903
2,192375,0.0,-0.0614675544202327
2,192453,0.0,-0.0413827411830425
2,192879,0.0,-0.076463483273983
2,192893,6.06,-0.0135907297953963
2,193153,3.09,-0.1004754677414894
2,193233,19.21,0.1500110030174255
2,193619,0.0,-0.0508827604353427
2,193819,21.7,0.145181193947792
2,194237,14.86,0.1330192238092422
2,194274,1.65,-0.0994086489081382
2,194710,0.0,-0.0440208911895751
2,194724,16.16,0.1358280777931213
2,195169,10.11,0.0093092247843742
2,195283,11.72,0.0157316643744707
2,195315,8.17,-0.0224655903875827
2,195556,11.27,0.0189246963709592
2,196146,17.01,0.1202215999364852
2,196500,12.22,0.0484673902392387
2,197212,7.75,-0.0262209046632051
2,197436,0.0,-0.0521953329443931
2,197670,2.41,-0.1007452011108398
2,198425,23.74,0.1223993673920631
2,198825,0.0,-0.0518961176276207
2,199486,7.6,-0.0165972635149955
2,200003,13.56,0.1309985667467117
2,200580,13.61,0.1359835565090179
2,200684,20.35,0.1267780065536499
2,200768,0.0,-0.0790703520178794
2,201406,8.05,-0.0253021046519279
2,201824,4.39,-0.048552606254816
2,202096,0.0,-0.0577826723456382
2,202554,7.05,-0.0405878126621246
2,202598,0.0,-0.0175852626562118
2,202717,25.19,0.1783632636070251
2,203473,8.07,-0.0271365381777286
2,203546,6.5,-0.0248186774551868
2,204467,12.47,0.0912879705429077
2,204553,12.67,0.119554191827774
2,204779,1.75,-0.1046595573425293
2,205035,2.96,-0.0787246748805046
2,205036,0.0,-0.1280463337898254
2,205525,14.65,0.1575665324926376
2,205697,5.83,-0.0385729782283306
2,205834,8.84,0.0036370477173477
2,206249,15.02,0.1630914807319641
2,206263,1.53,-0.0833761468529701
2,206973,4.78,-0.0653541460633277
2,207588,13.56,0.1132711246609687
2,207595,25.81,0.20778289437294
2,208104,13.93,0.14261195063591
2,208310,4.55,-0.0529894307255744
2,208397,4.03,-0.0633066445589065
2,209160,5.61,-0.0527133978903293
2,209668,21.74,0.1194722130894661
2,209791,62.85,0.2308864742517471
2,209888,0.0,-0.029823962599039
2,210940,2.82,-0.0849402770400047
2,211071,2.98,-0.0850011780858039
2,211591,12.27,0.0556980147957801
2,211651,6.8,-0.0205055084079504
2,211829,5.72,-0.0179103873670101
2,213389,14.54,0.1035902425646781
2,213422,7.74,-0.0214086752384901
2,214253,13.35,0.0832115113735199
2,214271,1.11,-0.1174250841140747
2,214711,2.69,-0.101201981306076
2,215141,45.34,0.1778724193572998
2,215310,9.61,0.0118382135406136
2,215497,0.76,-0.1286426782608032
2,215622,3.46,-0.0960593223571777
2,216736,3.45,-0.0986116677522659
2,216751,0.0,-0.0579841434955596
2,216854,4.0,-0.0568786822259426
2,217024,7.53,-0.015417787246406
2,217066,0.0,-0.0492155253887176
2,217354,2.92,-0.0868321359157562
2,217537,12.06,0.0978956297039985
2,219720,6.41,-0.0293594095855951
2,219725,18.81,0.0984999388456344
2,220422,4.7,-0.0563111938536167
2,220473,14.93,0.0958770588040351
2,221186,3.76,-0.0585917644202709
2,221249,14.63,0.1115332171320915
2,221558,52.2,0.2106559723615646
2,221645,2.84,-0.1151936873793602
2,222012,5.63,-0.0631941705942154
2,222024,20.7,0.1005253940820694
2,222701,0.0,-0.0206879787147045
2,222710,11.12,0.0220403335988521
2,222773,5.74,-0.019364520907402
2,223869,9.25,0.0152321681380271
2,223921,10.41,0.0174313392490148
2,224374,0.79,-0.1302695870399475
2,224486,11.08,0.0143852829933166
2,224494,18.57,0.1447039693593979
2,225178,26.44,0.1765400022268295
2,225305,4.05,-0.0686013326048851
2,225682,5.95,-0.0236336831003427
2,225918,0.0,-0.0686518996953964
2,226516,4.61,-0.0788546279072761
2,226521,0.0,-0.0396869480609893
2,226783,8.79,0.0103454133495688
2,227282,8.31,0.0180875547230243
2,227625,3.27,-0.0828661769628524
2,228243,1.68,-0.1262213587760925
2,228297,6.93,-0.0217194724828004
2,228724,42.88,0.2059461027383804
2,228781,6.48,-0.0183022692799568
2,229641,0.0,-0.0626453608274459
2,230254,5.82,-0.0239795930683612
2,230727,2.05,-0.0889054760336875
2,230805,1.5,-0.0960926413536071
2,230814,8.99,0.0034022929612547
2,230940,22.54,0.1394551545381546
2,231508,4.62,-0.0606058724224567
2,232517,14.67,0.0967978313565254
2,233227,1.88,-0.1075394079089164
2,233702,3.68,-0.0784687995910644
2,234169,40.58,0.1779949218034744
2,235750,0.0,-0.0599279701709747
2,236801,0.0,-0.0720681846141815
2,237229,0.0,-0.0964966863393783
2,237303,1.2,-0.1459078341722488
2,237432,0.0,-0.0537468753755092
2,239125,16.08,0.1355918645858764
2,239396,0.0,-0.0679809227585792
2,239711,9.15,0.0224415082484483
2,239779,13.57,0.1115639135241508
2,240602,11.98,0.0269517712295055
2,240658,0.0,-0.0601172782480716
2,241188,6.83,-0.0253326073288917
2,241758,15.17,0.1583129614591598
2,242580,0.0,-0.0699101015925407
2,243172,16.98,0.1347669810056686
2,244006,9.61,0.0126681877300143
2,244603,0.0,-0.0598919540643692
2,244609,9.38,0.0195153690874576
2,244713,1.51,-0.1066049337387085
2,244914,1.6,-0.1219699010252952
2,246348,0.0,-0.0479262620210647
2,246863,16.43,0.1045857295393943
2,247037,8.89,-0.0079416129738092
2,247373,1.77,-0.1107556372880935
2,248037,4.61,-0.0582958273589611
2,248096,12.25,0.0551406517624855
2,248682,2.29,-0.1130284890532493
2,248760,0.0,-0.0334669575095176
2,248786,0.0,-0.0688057616353035
2,250421,3.79,-0.0735621228814125
2,250798,0.0,-0.0685961470007896
2,252218,33.76,0.2065727412700653
2,253202,5.68,-0.0357083603739738
2,253227,0.0,-0.0301887542009353
2,254153,15.04,0.0853007659316062
2,254280,34.69,0.2156130969524383
2,254439,0.0,-0.1067544519901275
2,254683,1.35,-0.1100576072931289
2,255130,17.86,0.1463448852300644
2,255225,23.58,0.1424182653427124
2,255547,2.94,-0.0885570645332336
2,255645,3.88,-0.0651737079024314
2,255648,0.0,-0.0199052859097719
2,255954,0.0,-0.0751783028244972
2,256401,24.3,0.1633553206920623
2,256856,0.0,-0.0575009696185588
2,260662,0.0,-0.0687736049294471
2,261136,45.28,0.1680625230073928
2,261452,1.47,-0.0849574729800224
2,261512,0.0,-0.0359212756156921
2,261570,3.92,-0.0497141815721988
2,261959,12.57,0.0951833873987197
2,262171,1.76,-0.0988898649811744
2,262565,1.31,-0.1030683815479278
2,263233,16.36,0.0845834240317344
2,263771,14.75,0.1016155928373336
2,264818,17.58,0.080917552113533
2,266309,25.92,0.1775186657905578
2,266339,5.29,-0.0810157284140586
2,266574,18.42,0.0962787643074989
2,266627,8.3,-0.0134052438661456
2,266635,5.31,-0.0838825106620788
2,266719,21.93,0.1572680920362472
2,267079,4.96,-0.0650636255741119
2,268124,8.42,-0.0077574336901307
2,268171,10.85,0.0175081603229045
2,268244,11.86,0.0646784380078315
2,268384,39.24,0.1891948878765106
2,269681,1.97,-0.1390831768512725
2,270223,7.66,-0.0147739322856068
2,270893,14.34,0.1182390749454498
2,271198,5.92,-0.0200527068227529
2,271400,0.0,-0.0829297229647636
2,271485,17.94,0.1064953878521919
2,271616,0.0,-0.0567537955939769
2,271787,0.0,-0.0012691683368757
2,272072,21.93,0.1219501718878746
2,273409,5.15,-0.0533710345625877
2,273523,33.65,0.2166588306427002
2,273752,2.8,-0.0989366844296455
2,274073,0.0,-0.0877573862671852
2,274704,4.92,-0.0558722652494907
2,274707,13.36,0.1107726246118545
2,274802,2.74,-0.0883826613426208
2,275301,13.54,0.1047986075282096
2,275710,3.4,-0.0945816114544868
2,276439,5.04,-0.0655830055475235
2,276483,15.27,0.129053384065628
2,276580,20.93,0.1493804454803466
2,278103,0.0,-0.0564381331205368
2,278601,6.72,-0.0152208833023905
2,278674,5.97,-0.04185676202178
2,278846,0.0,-0.0464429333806037
2,278968,0.0,-0.0597016252577304
2,279133,62.6,0.2092046588659286
2,279517,25.09,0.089368037879467
2,280516,8.71,0.0079126069322228
2,280601,0.0,-0.0743458196520805
2,280816,6.58,-0.0244998447597026
2,281308,0.0,-0.054948765784502
2,281916,20.18,0.1755476146936416
2,282820,0.0,-0.0371178314089775
2,282839,2.39,-0.0892207100987434
2,283026,0.0,-0.0719799250364303
2,284676,0.0,-0.0861142426729202
2,284989,0.0,-0.0419188514351844
2,285037,11.28,0.0307637825608253
2,285177,0.0,-0.0616276711225509
2,285288,27.64,0.1957556307315826
2,285766,1.41,-0.1336023956537246
2,285921,19.69,0.0870474055409431
2,286839,6.48,-0.0250891335308551
2,287045,15.24,0.104827806353569
2,287097,10.53,0.0204564984887838
2,287486,23.21,0.1783182770013809
2,287614,2.41,-0.1134883388876915
2,288776,17.75,0.1116945445537567
2,288817,0.0,-0.0246320012956857
2,288988,0.0,-0.0057087503373622
2,289932,0.0,-0.0214085821062326
2,290293,5.03,-0.0625053942203521
2,290756,0.0,-0.0549101047217845
2,291080,49.6,0.180163100361824
2,291185,2.64,-0.0795680657029151
2,291236,13.81,0.1346435099840164
2,291344,16.97,0.0792148262262344
2,291374,11.07,0.0402588732540607
2,291976,4.75,-0.0677742511034011
2,292163,7.33,-0.017116205766797
2,294368,9.88,0.0136413276195526
2,294663,4.23,-0.0599828511476516
2,295142,0.0,-0.029444633051753
2,295378,0.0,-0.0286954436451196
2,295490,11.17,0.0408835150301456
2,295525,0.0,-0.050059225410223
2,295829,5.97,-0.0254600718617439
2,296050,10.3,0.0226523894816637
2,296059,2.02,-0.1205992251634597
2,296061,2.98,-0.0998549535870552
2,296698,2.56,-0.0999620854854583
2,296711,16.95,0.1746082156896591
2,296745,5.37,-0.0611335933208465
2,296899,9.88,0.0040405075997114
2,297217,36.53,0.1782307624816894
2,297455,0.0,-0.106851726770401
2,297520,4.1,-0.0630007535219192
2,297811,11.53,0.0443236902356147
2,297902,16.46,0.0901097953319549
2,298093,0.0,-0.0897346660494804
2,298151,4.81,-0.0714980885386467
2,300954,7.95,-0.0211206525564193
2,301030,0.0,-0.0694736018776893
2,302409,35.52,0.1842874735593795
2,302431,0.0,-0.049323983490467
2,303484,23.71,0.1679479330778122
2,304336,0.0,-0.0790779441595077
2,305378,0.0,-0.0594681724905967
2,305402,0.0,-0.0302893705666065
2,305431,2.89,-0.0967028141021728
2,306985,3.4,-0.0786472856998443
2,307075,32.05,0.1964726746082306
2,307365,9.33,-0.0023033982142806
2,307458,0.0,-0.0582721829414367
2,307464,0.0,-0.0631242170929908
2,307537,0.0,-0.0341693423688411
2,308618,0.0,-0.0262500792741775
2,308754,0.0,-0.0637516528367996
2,308833,20.86,0.1319218277931213
2,309415,8.07,-0.0265490040183067
2,310137,0.0,-0.0335527993738651
2,310413,4.77,-0.0571839809417724
2,310904,9.58,0.0020724220667034
2,311302,89.09,0.207697257399559
2,311683,0.0,-0.0508381612598896
2,311930,3.1,-0.0870079323649406
2,312165,16.53,0.1083420142531395
2,313638,15.26,0.1028724536299705
2,313791,0.0,-0.0670598521828651
2,313943,12.41,0.0421982929110527
2,314845,8.38,-0.0073837265372276
2,315381,6.74,-0.0157273970544338
2,315669,0.0,-0.0374134108424186
2,316009,23.28,0.1641097217798233
2,316443,5.24,-0.0631654635071754
2,317028,13.56,0.1330843716859817
2,317057,54.74,0.1993467360734939
2,318528,3.55,-0.0760184377431869
2,318597,5.11,-0.0537185296416282
2,319701,1.36,-0.1214950457215309
2,320015,0.0,-0.0391388237476348
2,320191,9.09,0.0121308946982026
2,320387,2.01,-0.0996994450688362
2,321056,14.48,0.0778411775827407
2,321122,0.0,-0.0420293286442756
2,321360,4.07,-0.0714317485690116
2,322829,6.61,-0.0177267212420701
2,322897,12.25,0.0691165179014206
2,323328,8.83,-0.0030358673539012
2,323868,0.0,-0.0230713449418544
2,324018,0.0,-0.0561722479760646
2,324423,0.0,-0.0397043116390705
2,324441,16.12,0.1095022931694984
2,324887,20.26,0.0939103215932846
2,325577,0.0,-0.1052034124732017
2,326427,7.27,-0.0246615465730428
2,326579,8.67,-0.0025633571203798
2,326583,28.49,0.161520704627037
2,326803,4.75,-0.0665541291236877
2,326954,14.7,0.1050936803221702
2,328409,0.95,-0.1486499607563018
2,328555,31.92,0.1534686833620071
2,328878,15.17,0.1326879560947418
2,329341,10.01,0.0205015614628791
2,330762,9.29,0.010910989716649
2,330834,0.0,-0.0550221912562847
2,331004,42.19,0.174655482172966
2,331038,6.17,-0.02742500603199
2,331415,15.22,0.0971816107630729
2,331422,3.83,-0.0444316081702709
2,331520,2.41,-0.1083726063370704
2,332005,3.21,-0.105913259088993
2,333430,5.77,-0.0219666007906198
2,333451,29.07,0.2462961226701736
2,333799,16.65,0.1584263145923614
2,334026,7.54,-0.0218609813600778
2,334090,15.07,0.1292897909879684
2,334210,5.37,-0.0596803985536098
2,335299,2.52,-0.0938664078712463
2,335752,26.81,0.2216162383556366
2,336026,3.51,-0.085020825266838
2,336300,7.94,-0.0227315574884414
2,336349,9.4,-0.0045173987746238
2,336382,0.0,-0.071538008749485
2,337140,24.11,0.0898281037807464
2,337426,0.0,-0.0450733117759227
2,337555,0.0,-0.0740956366062164
2,337581,6.33,-0.0241821724921464
2,338012,6.76,-0.0347723215818405
2,338051,4.25,-0.055272914469242
2,338891,1.8,-0.1137514039874076
2,339230,3.67,-0.0747475698590278
2,339383,11.97,0.0273373965173959
2,339962,2.13,-0.1226409152150154
2,340805,1.34,-0.0987611189484596
2,341373,6.75,-0.0279150176793336
2,341390,12.13,0.0658639892935752
2,341950,0.0,-0.0415747426450252
2,343369,3.71,-0.0622078776359558
2,343690,18.25,0.1075387522578239
2,343945,8.77,0.0152501724660396
2,343993,0.0,-0.0526778064668178
2,344510,2.02,-0.1071048378944397
2,344516,0.0,-0.0127950580790638
2,345002,25.87,0.201470673084259
2,346868,0.0,-0.1123853847384452
2,347529,9.92,-0.0035559532698243
2,347822,23.81,0.1821348667144775
2,348293,21.31,0.1169668659567833
2,348401,0.0,-0.0657035261392593
2,348656,0.0,-0.1041901633143425
2,348792,12.7,0.1346570551395416
2,349003,25.33,0.1859096139669418
2,349013,2.85,-0.1064586266875267
2,349251,0.86,-0.1927009671926498
2,350977,18.12,0.0807494819164276
2,351303,16.44,0.1267609149217605
2,351481,0.91,-0.1413051635026931
2,351556,13.12,0.1233901530504226
2,351557,31.65,0.2265599071979522
2,352306,1.73,-0.1303903311491012
2,352424,0.0,-0.0821870565414428
2,353007,13.72,0.0885805040597915
2,353483,5.13,-0.0628602281212806
2,353597,3.39,-0.1069949492812156
2,353774,5.33,-0.0507337525486946
2,353881,2.4,-0.1221958398818969
2,355062,1.19,-0.1223978996276855
2,355237,5.76,-0.0133926477283239
2,355319,3.0,-0.0916478186845779
2,355786,8.73,0.010181057266891
2,355950,0.0,-0.0634551718831062
2,356066,0.0,0.0106273610144853
2,356400,40.54,0.18794946372509
2,357053,0.0,-0.0489667803049087
2,357099,13.34,0.1223982945084571
2,357862,1.86,-0.1248204484581947
2,358075,0.0,-0.0604888685047626
2,358987,20.95,0.1099614575505256
2,360311,2.67,-0.0940334275364875
2,361372,0.0,-0.0610194541513919
2,362033,11.55,0.0674009099602699
2,362696,8.65,0.019559871405363
2,362706,12.63,0.1080575659871101
2,363310,27.53,0.2018161714076995
2,364124,0.0,-0.0676027163863182
2,364398,28.01,0.1638816744089126
2,365108,0.72,-0.142871618270874
2,366205,7.66,-0.0261563248932361
2,366327,15.87,0.1505928039550781
2,366337,2.36,-0.0951724797487258
2,367388,10.67,0.0674799680709838
2,368476,0.0,-0.0484078712761402
2,368586,9.58,0.0006206691614352
2,368737,24.75,0.1439652144908905
2,370194,1.71,-0.0984019860625267
2,370411,6.44,-0.0142863579094409
2,371203,24.04,0.1405273973941803
2,371220,0.0,-0.06153454631567
2,372819,4.87,-0.0627398192882537
2,372885,0.0,-0.102887786924839
2,374092,33.22,0.1890917271375656
2,374789,9.71,-0.0018103485926985
2,374921,4.19,-0.056010004132986
2,375809,5.28,-0.0610754117369651
2,376128,18.32,0.1288917064666748
2,376377,4.89,-0.0519988685846328
2,376489,52.07,0.2407616972923278
2,376780,5.05,-0.0673158466815948
2,377086,0.0,-0.107495404779911
2,378115,6.76,-0.0200011432170867
2,378437,22.79,0.149732768535614
2,378538,1.57,-0.0919132381677627
2,378817,5.56,-0.0646916776895523
2,378824,10.03,0.0244060810655355
2,379008,4.49,-0.068103589117527
2,379126,5.05,-0.0732337534427642
2,379140,3.52,-0.0887998864054679
2,379297,11.36,0.0378376170992851
2,379835,8.41,-0.0051161716692149
2,380045,3.68,-0.0681811496615409
2,380329,13.28,0.0592893548309803
2,382142,0.0,-0.0701277330517768
2,382506,13.48,0.0962887555360794
2,382859,0.0,-0.038417313247919
2,383555,1.43,-0.0992339774966239
2,383739,39.22,0.1833875626325607
2,384054,0.0,-0.0278654228895902
2,384325,0.0,-0.0416623800992965
2,384450,9.98,0.0206801332533359
2,385028,25.38,0.1439442485570907
2,385322,11.72,0.0158158466219902
2,385833,5.19,-0.0683988034725189
2,386252,11.78,0.0479815453290939
2,386487,5.57,-0.0631802976131439
2,387121,15.78,0.1285945326089859
2,387314,0.0,-0.047144066542387
2,387356,0.0,-0.0796692818403244
2,387533,16.07,0.1680608838796615
2,388406,4.36,-0.0660252422094345
2,388660,23.54,0.1956728100776672
2,388883,23.58,0.2013232409954071
2,389397,10.64,0.0430324487388134
2,389405,9.26,0.0122419828549027
2,389470,0.0,-0.0835559666156768
2,389483,0.0,-0.0564773380756378
2,390730,0.0,-0.0451433807611465
2,391280,6.88,-0.0216063037514686
2,391728,8.74,-0.0143307745456695
2,391742,3.48,-0.0703845992684364
2,391769,20.22,0.0764558687806129
2,392195,0.0,-0.0327161476016044
2,392434,0.0,-0.048765979707241
2,392454,1.46,-0.1145527884364128
2,392858,20.14,0.1523906290531158
2,393190,8.14,-0.0062744659371674
2,393497,8.21,-0.0260933395475149
2,393585,6.44,-0.0193719342350959
2,393682,3.35,-0.0924126878380775
2,394635,26.0,0.2521897256374359
2,394745,10.78,0.0581013932824134
2,394834,25.74,0.2751662731170654
2,394886,5.21,-0.0634014457464218
2,395049,3.1,-0.126501977443695
2,395194,1.47,-0.0883907303214073
2,397072,9.19,0.0022908665705472
2,397275,40.2,0.1824978440999984
2,398086,7.39,-0.0268653482198715
2,398901,24.82,0.1396232694387436
2,399405,0.0,-0.0678377673029899
2,399703,1.82,-0.0835188999772071
2,399914,14.27,0.1503214091062545
2,399989,2.51,-0.1202820613980293
2,400148,25.99,0.1710595935583114
2,400307,6.68,-0.0351585373282432
2,400641,0.0,-0.0265999101102352
2,400710,5.55,-0.0758210346102714
2,400941,6.17,-0.0277437064796686
2,401777,6.97,-0.0148328356444835
2,401912,31.66,0.2085932791233062
2,402021,0.0,-0.0375504605472087
2,402329,25.45,0.1909266263246536
2,402678,15.92,0.1059842854738235
2,402686,8.5,-0.0191501230001449
2,403739,0.0,-0.0696439370512962
2,403841,0.0,-0.0143355345353484
2,403855,5.16,-0.0606798641383647
2,403864,0.0,-0.0732282847166061
2,405056,11.63,0.0469417683780193
2,405479,9.59,0.0093503985553979
2,405798,32.63,0.1923086643218994
2,405875,0.0,-0.0662364140152931
2,406118,0.0,-0.0708906129002571
2,406235,1.83,-0.1369123458862304
2,406875,39.84,0.1903832256793975
2,406979,0.0,-0.0362158007919788
2,408049,17.27,0.0876342207193374
2,409472,5.95,-0.0125944847241044
2,409562,6.15,-0.0353768095374107
2,409687,5.85,-0.0264084562659263
2,409794,0.0,-0.0597144030034542
2,409899,0.0,-0.0400499030947685
2,410752,0.0,-0.0768529623746872
2,411802,0.74,-0.1991711258888244
2,412008,3.16,-0.0913597345352172
2,412477,0.0,-0.1142643764615058
2,412998,5.55,-0.05702880397439
2,413188,0.0,-0.0562372729182243
2,413735,14.8,0.1118916720151901
2,413886,3.32,-0.0905146598815918
2,414048,7.79,-0.0292646251618862
2,414663,0.0,-0.0485937818884849
2,414881,9.43,0.0082996822893619
2,414904,0.0,-0.0532869212329387
2,414959,11.01,0.0366174504160881
2,414976,9.15,0.0097332783043384
2,414988,8.28,-0.0248221326619386
2,415087,6.23,-0.0214579999446868
2,415442,3.33,-0.0971080735325813
2,416095,11.09,0.0337024442851543
2,416984,0.0,-0.0785780996084213
2,417447,0.0,-0.0689949318766594
2,418197,11.97,0.0398238413035869
2,418693,48.78,0.1416724473237991
2,418775,0.0,-0.0611902959644794
2,418948,22.36,0.1141687259078025
2,419583,0.0,-0.0533389076590538
2,419742,6.37,-0.0375484973192215
2,420022,0.0,-0.0182363763451576
2,420188,4.0,-0.0700910314917564
2,420891,14.98,0.0893331989645958
2,422836,29.07,0.21307073533535
2,423036,0.0,-0.0226408541202545
2,423362,10.52,0.0302849281579256
2,423410,7.33,-0.003803662257269
2,423629,15.13,0.1263201087713241
2,423796,12.4,0.0689463093876838
2,424107,4.76,-0.0655324384570121
2,424214,0.0,-0.1063180416822433
2,424226,6.04,-0.0139296874403953
2,425124,35.76,0.2086963057518005
2,425513,18.21,0.1140079349279403
2,425800,0.0,-0.0554661490023136
2,426013,6.81,-0.0270770639181137
2,426120,0.0,-0.0099559063091874
2,426164,0.0,-0.0465660132467746
2,426562,0.0,-0.0690440014004707
2,426923,0.0,-0.0296330358833074
2,428063,10.39,0.051089584827423
2,428982,7.68,-0.0271840058267116
2,429206,14.66,0.1139706447720527
2,429220,42.76,0.1393109112977981
2,430087,1.79,-0.1261342167854309
2,430337,3.3,-0.0825503543019294
2,430369,2.85,-0.0810222402215004
2,431070,0.0,-0.0674730241298675
2,431602,9.18,0.0004439828044269
2,431772,0.0,-0.0268308669328689
2,432328,37.81,0.1541626155376434
2,432607,8.51,-0.0098242461681365
2,433564,0.0,-0.0290255062282085
2,433775,7.12,-0.0276049375534057
2,434084,4.76,-0.0595688670873642
2,434501,0.0,-0.0629284903407096
2,435421,10.4,0.0525367558002471
2,436553,0.0,-0.0592867210507392
2,437461,5.03,-0.0600198470056057
2,437654,6.4,-0.0210493505001068
2,438614,14.2,0.0986586511135101
2,438823,46.51,0.2349627465009689
2,438852,26.92,0.1963123828172683
2,438924,4.69,-0.0594258345663547
2,438996,2.75,-0.090624138712883
2,439359,15.35,0.1318607032299041
2,439421,47.62,0.2208847254514694
2,439584,363.64,0.2227839529514312
2,439996,1.93,-0.0979936271905899
2,440220,3.82,-0.0740970745682716
2,440236,30.33,0.1249837651848793
2,440586,0.0,-0.0250634793192148
2,440929,7.55,-0.0082881767302751
2,441536,4.7,-0.0649469420313835
2,441761,18.95,0.1059755608439445
2,442105,1.57,-0.11183562874794
2,443295,10.45,0.0641930699348449
2,443396,0.0,-0.0253405328840017
2,443468,0.0,-0.0703448951244354
2,443709,11.27,0.0480199456214904
2,444253,0.0,-0.0453077964484691
2,445088,29.25,0.2352600395679474
2,446077,0.0,-0.0365221872925758
2,447226,0.0,-0.0617721676826477
2,447299,5.16,-0.0597379282116889
2,447335,5.65,-0.0597023889422416
2,448387,20.66,0.1633723378181457
2,448842,6.46,-0.0160519573837518
2,448917,7.11,-0.0178617052733898
2,450079,6.56,-0.0249709282070398
2,450393,0.0,-0.0728031545877456
2,450412,26.72,0.1976546496152877
2,450557,4.74,-0.0687420591711998
2,450709,4.28,-0.0583805218338966
2,450783,21.93,0.1589161604642868
2,451344,0.0,-0.1076410710811615
2,451357,0.34,-0.166783332824707
2,451412,0.0,-0.0797889158129692
2,452112,0.0,-0.0544877722859382
2,453363,12.03,0.0958423241972923
2,453574,4.28,-0.0647070482373237
2,453635,4.48,-0.0673344284296035
2,453882,17.67,0.1151173189282417
2,454967,0.0,-0.0837663933634758
2,455051,52.75,0.2223899215459823
2,455620,3.29,-0.0910258367657661
2,455752,2.39,-0.0921790301799774
2,456207,7.15,-0.0357725843787193
2,457884,6.57,-0.0188317112624645
2,458672,41.29,0.1897252351045608
2,459181,0.75,-0.1410962790250778
2,460819,3.65,-0.0812616273760795
2,461044,6.7,-0.0346228405833244
2,462339,15.63,0.1253801882266998
2,462374,3.93,-0.0490925870835781
2,462500,0.0,-0.0330890417098999
2,462800,7.75,-0.0134722590446472
2,462835,2.21,-0.0932069346308708
2,462939,0.0,-0.0825593322515487
2,463524,0.0,-0.0475476458668708
2,463636,15.12,0.1387437582015991
2,463731,20.92,0.0997082367539405
2,463937,7.87,-0.0311699137091636
2,464130,2.01,-0.1108691841363906
2,464153,0.0,-0.085800789296627
2,464560,6.36,-0.0050183171406388
2,464566,5.01,-0.0548116527497768
2,464981,5.59,-0.0685021132230758
2,465966,16.19,0.1349069774150848
2,467695,15.33,0.0941033512353897
2,467803,4.96,-0.0519203580915927
2,467896,0.0,-0.0266061685979366
2,468124,0.0,-0.0662696436047554
2,468335,19.67,0.1608815491199493
2,468430,2.15,-0.1063631102442741
2,468513,3.4,-0.1053255498409271
2,468519,10.56,0.0450729951262474
2,469572,14.28,0.113281063735485
2,470386,5.52,-0.0619417801499366
2,470393,19.9,0.1452616155147552
2,472819,3.71,-0.0784064903855323
2,472863,11.9,0.0027772649191319
2,473321,6.18,-0.0236802157014608
2,473411,3.17,-0.0833392739295959
2,473494,0.0,-0.1099966019392013
2,475077,6.32,-0.0141299795359373
2,476276,9.66,0.009103387594223
2,476558,19.18,0.1483478248119354
2,476646,10.8,0.0538876354694366
2,476688,0.0,-0.0792328715324401
2,476819,3.24,-0.069408006966114
2,476899,0.63,-0.1022424921393394
2,477569,0.0,-0.0777540504932403
2,477843,2.72,-0.1012700125575065
2,480275,16.56,0.1272053569555282
2,480410,3.7,-0.0794834792613983
2,480891,31.85,0.218908354640007
2,481099,15.04,0.1016733944416046
2,482331,0.0,-0.0688218772411346
2,484008,21.58,0.112442173063755
2,484542,8.05,-0.0378216542303562
2,484697,7.83,-0.0155809922143816
2,484907,0.0,-0.0346552468836307
2,484987,12.01,0.0673019438982009
2,485068,10.76,0.0357951819896698
2,486208,14.47,0.1267891824245453
2,486213,28.11,0.2001352608203888
2,486300,0.0,-0.0444256700575351
2,486602,1.79,-0.0954933762550354
2,486896,1.61,-0.1080683916807174
2,487243,0.0,-0.0517654344439506
2,488464,25.39,0.1399233639240265
2,490133,2.08,-0.0762338861823082
2,490380,0.0,-0.0409613698720932
2,490507,2.32,-0.0964720770716667
2,490660,3.86,-0.055209282785654
2,490900,4.68,-0.057780485600233
2,491137,5.79,-0.0314003825187683
2,492006,13.09,0.0862611681222915
2,493282,7.52,-0.0265376884490251
2,493491,7.17,-0.0246454142034053
2,494443,6.38,-0.0150032918900251
2,494764,18.86,0.1430457532405853
2,494947,14.17,0.1045800596475601
2,495129,0.0,-0.093092069029808
2,495203,37.6,0.2205822616815567
2,496375,28.25,0.1938261985778808
2,496551,8.76,0.0084534557536244
2,497105,4.06,-0.0634671151638031
2,497528,3.84,-0.0683304816484451
2,498203,4.72,-0.0543105192482471
2,498576,8.02,-0.0093752425163984
2,499263,12.59,0.1147598326206207
2,499670,4.17,-0.0697721987962722
2,500287,2.34,-0.116288773715496
2,501297,26.67,0.2211364954710006
2,501493,10.02,0.0254538748413324
2,501636,7.34,-0.0032218324486166
2,501662,3.42,-0.0985290184617042
2,502178,25.77,0.202607125043869
2,502793,10.31,0.0021963503677397
2,503097,9.29,-0.0018377183005213
2,503273,0.0,-0.0652014389634132
2,503407,3.46,-0.0632078498601913
2,504041,0.0,-0.0268610958009958
2,504827,0.0,-0.0882312357425689
2,504900,25.27,0.1693779975175857
2,506110,6.51,-0.0229927413165569
2,506740,11.46,0.0788939446210861
2,507103,14.46,0.1169719249010086
2,507359,10.95,0.0521274618804454
2,507651,5.38,-0.0539490319788455
2,508132,8.59,0.0102494861930608
2,508184,0.0,-0.0698268711566925
2,508363,0.0,-0.0709374547004699
2,508709,8.73,0.0147293098270893
2,509060,1.38,-0.0982805117964744
2,509105,4.99,-0.0511873736977577
2,509962,7.0,-0.0221871472895145
2,509971,0.0,-0.07013551145792
2,510459,21.32,0.0628755092620849
2,512077,14.06,0.1213826164603233
2,512910,0.0,-0.02579290792346
2,513069,4.76,-0.0792620331048965
2,513207,2.54,-0.0957998558878898
2,513366,8.77,0.0028991573490202
2,513649,20.83,0.1010839864611625
2,514121,2.24,-0.0936886817216873
2,514318,0.0,-0.0671745389699935
2,514525,11.79,0.019886864349246
2,514528,4.37,-0.0744393393397331
2,514608,47.06,0.1693899482488632
2,514786,11.36,0.0295547097921371
2,515913,0.0,-0.0552772805094718
2,515949,7.18,-0.0168965272605419
2,516224,7.14,-0.0090429866686463
2,516527,11.4,0.0297890491783618
2,516983,10.72,0.0567290335893631
2,517176,5.49,-0.066474936902523
2,517806,18.21,0.1117507517337799
2,518142,7.39,-0.0247395187616348
2,518423,20.1,0.1281982064247131
2,518879,2.3,-0.0825180113315582
2,519648,1.49,-0.1003100275993347
2,520232,0.0,-0.0472139976918697
2,520281,0.0,-0.0626835003495216
2,520924,18.87,0.1094161346554756
2,521309,37.59,0.169178768992424
2,521317,12.0,0.0369448214769363
2,521322,16.12,0.1120358482003212
2,521945,0.0,-0.0445556603372097
2,522060,2.02,-0.1098584756255149
2,522566,3.53,-0.0838411822915077
2,522598,3.13,-0.0755399093031883
2,522785,10.0,0.0154221765697002
2,522875,3.28,-0.0918661132454872
2,523396,7.2,-0.0283500999212265
2,523693,3.64,-0.058820754289627
2,523789,0.0,-0.0630524903535842
2,524386,5.51,-0.0726495683193206
2,524786,11.92,0.0022033194545656
2,525145,25.73,0.1799929589033126
2,525177,0.0,-0.0556666180491447
2,525569,13.01,0.0936185121536254
2,525697,13.87,0.0950526371598243
2,526095,0.0,-0.0711159780621528
2,526098,51.81,0.1769674718379974
2,526159,0.0,-0.0570528581738472
2,526366,11.75,0.0219944957643747
2,526502,34.44,0.1117787212133407
2,526838,32.38,0.1528060436248779
2,526845,10.2,0.0403635837137699
2,527123,7.55,-0.0116339325904846
2,527242,1.81,-0.0804258659482002
2,528013,11.42,0.0135486731305718
2,528079,7.14,-0.0173575580120086
2,528671,0.0,-0.0550747327506542
2,529072,0.0,-0.0492589697241783
2,529359,3.93,-0.0590236708521842
2,529445,9.39,-0.0098327118903398
2,530353,23.22,0.1093913540244102
2,530656,4.24,-0.0583099648356437
2,531238,8.72,0.0197845082730054
2,531422,7.18,-0.0323614217340946
2,531589,13.85,0.073759064078331
2,533275,5.65,-0.053718451410532
2,534494,57.32,0.3103952407836914
2,534960,3.47,-0.0883988663554191
2,535176,21.88,0.1303030252456665
2,535247,6.66,-0.0338493809103965
2,535445,5.39,-0.0609890930354595
2,535485,9.58,0.0074897846207022
2,535955,36.62,0.1566869914531707
2,536680,0.0,-0.0589789636433124
2,536928,11.55,0.0148078119382262
2,537447,7.42,-0.0189301297068595
2,537490,3.3,-0.1062656193971633
2,537967,17.92,0.1312075108289718
2,538279,15.36,0.1234039887785911
2,538446,50.2,0.2075581550598144
2,538663,0.0,-0.0625658929347992
2,538718,10.37,0.0113474894315004
2,539845,7.71,-0.0044803610071539
2,540635,21.37,0.0786694213747978
2,540766,5.52,-0.0709102153778076
2,541220,1.78,-0.0870676934719085
2,541228,2.06,-0.1159229502081871
2,541899,19.58,0.0871200188994407
2,542068,13.45,0.1392857283353805
2,542166,17.78,0.0869190245866775
2,542393,0.0,-0.0461411252617836
2,542633,10.57,0.0469743907451629
2,543459,22.54,0.1645751148462295
2,543747,3.51,-0.0708467364311218
2,544997,10.07,0.0315341986715793
2,545235,1.93,-0.1046216860413551
2,545834,2.19,-0.0988025665283203
2,546051,10.21,0.0154297277331352
2,546615,10.62,0.0474454909563064
2,546892,6.84,-0.0314713083207607
2,547018,12.19,0.0713252276182174
2,548791,0.0,-0.0476446449756622
2,549134,18.35,0.1254778355360031
2,549358,0.0,-0.0715817883610725
2,549726,8.26,-0.0178546234965324
2,549901,1.81,-0.1120133772492408
2,550303,5.35,-0.0511356517672538
2,550791,2.8,-0.0881689935922622
2,551270,13.37,0.1335294097661972
2,552278,1.91,-0.1255052834749221
2,552316,0.0,-0.0405069142580032
2,553746,24.1,0.139360710978508
2,554041,4.99,-0.0771300792694091
2,554108,20.73,0.1785847097635269
2,555449,21.46,0.1281618922948837
2,555971,13.0,0.0851437896490097
2,556217,5.44,-0.0648059919476509
2,556325,8.6,-0.0040095807053148
2,557019,12.95,0.0804314017295837
2,557129,0.52,-0.1426055878400802
2,557936,37.6,0.1899501681327819
2,559178,9.27,0.0159351285547018
2,559979,26.25,0.1892950236797332
2,559996,6.1,-0.0281812474131584
2,560305,13.17,0.1274817585945129
2,561373,8.37,-0.009127102792263
2,561542,55.28,0.2528422176837921
2,561934,0.0,-0.0401527546346187
2,563027,12.64,0.1367645263671875
2,565021,6.78,-0.0143228052183985
2,566225,0.0,-0.0351519547402858
2,566292,2.72,-0.1142545640468597
2,566434,0.0,-0.0764955133199691
2,567372,0.0,-0.0530482977628707
2,568576,4.71,-0.0650797933340072
2,568947,24.69,0.1490261405706405
2,569351,1.14,-0.0919269770383834
2,569520,12.35,0.0561087876558303
2,569762,9.21,0.0102908750995993
2,569778,1.48,-0.143439382314682
2,569811,0.0,-0.0480237491428852
2,570350,4.06,-0.0619451776146888
2,570361,6.34,-0.0250433906912803
2,570715,1.89,-0.108464278280735
2,570981,2.48,-0.0895668715238571
2,571142,0.86,-0.1137752681970596
2,571277,14.09,0.1133635118603706
2,571323,15.01,0.1051442474126815
2,572062,4.75,-0.068044513463974
2,573808,3.01,-0.078142337501049
2,574019,4.72,-0.0519665814936161
2,574199,2.84,-0.0893159136176109
2,574349,0.0,-0.0755815654993057
2,574798,0.0,-0.0406255014240741
2,574893,9.19,0.0024816954974085
2,574894,0.0,-0.0664674639701843
2,576530,0.75,-0.1010382696986198
2,577597,3.52,-0.0886451452970504
2,578767,2.2,-0.078400157392025
2,578897,8.96,-0.0219692718237638
2,579562,0.0,-0.0171000491827726
2,580166,14.6,0.0900213941931724
2,581250,12.78,0.109178826212883
2,582467,1.21,-0.0942938923835754
2,582742,6.75,-0.0234218630939722
2,582935,6.88,-0.0114409690722823
2,583040,24.08,0.1980893164873123
2,583517,0.0,-0.0870504230260849
2,584515,11.37,0.0321446731686592
2,585236,0.0,-0.0626934394240379
2,586809,30.22,0.2138207554817199
2,586975,2.98,-0.0886695086956024
2,587806,4.68,-0.0709194615483284
2,589026,2.94,-0.0958757027983665
2,589889,0.0,-0.0441202148795127
2,590263,8.12,-0.0269223134964704
2,590535,1.29,-0.1456647515296936
2,590953,6.49,-0.0118459938094019
2,591234,23.02,0.1636315882205963
2,591449,8.41,0.0011273819254711
2,591769,53.11,0.2208151519298553
2,592549,15.39,0.1399909406900406
2,592630,5.47,-0.0625596418976783
2,592645,2.1,-0.1161493957042694
2,592686,2.52,-0.1103144958615303
2,592759,0.0,-0.0387779958546161
2,592795,39.18,0.1370904445648193
2,593081,8.06,-0.0187507793307304
2,593169,19.3,0.0966792032122612
2,593425,14.55,0.1321456730365753
2,593534,1.85,-0.1138684526085853
2,593848,7.91,-0.0152757549658417
2,596890,0.0,-0.0731230527162551
2,597028,82.38,0.2103310078382492
2,597515,17.84,0.0747187137603759
2,597741,12.56,0.0821242332458496
2,597809,6.76,-0.0150786656886339
2,598171,3.97,-0.0639773234724998
2,599057,8.4,-0.0196199323982
2,599311,0.0,-0.0558094233274459
2,599313,0.0,-0.0551427751779556
2,600442,8.8,-0.0113777695223689
2,600797,12.18,0.0734392628073692
2,600922,3.36,-0.0868714153766632
2,601093,12.57,0.1229234933853149
2,601322,5.72,-0.0200317725539207
2,601700,16.38,0.1049489453434944
2,602944,0.0,-0.1019629836082458
2,603399,12.63,0.1109256073832511
2,605448,15.66,0.1135291010141372
2,605919,12.92,0.1015149354934692
2,606057,17.87,0.1100449934601783
2,606283,0.0,-0.0467715226113796
2,606425,0.0,-0.0606972649693489
2,606511,0.0,-0.0614353008568286
2,607020,16.84,0.1136750727891922
2,607181,11.49,0.0523622967302799
2,607234,4.35,-0.0508730113506317
2,607533,18.44,0.1063945665955543
2,608113,0.0,-0.1024311855435371
2,608505,0.0,-0.0762528330087661
2,608576,40.4,0.2102430760860443
2,608614,0.0,-0.0398881174623966
2,609053,7.49,-0.0250311233103275
2,609395,0.0,-0.0074601601809263
2,610528,38.51,0.2073023170232772
2,610610,4.79,-0.0741502866148948
2,610984,9.92,-0.017511636018753
2,611040,59.98,0.258635938167572
2,611503,10.91,0.0397120527923107
2,611514,16.32,0.1319202184677124
2,611562,13.96,0.1151842400431633
2,611850,4.96,-0.0616369843482971
2,612169,20.12,0.1256568729877472
2,612577,23.81,0.1623156666755676
2,612980,4.3,-0.0690738633275032
2,613032,25.15,0.1798851191997528
2,613594,14.86,0.1126201674342155
2,613605,1.51,-0.0938540548086166
2,613818,3.02,-0.0986206531524658
2,613852,5.59,-0.0643414333462715
2,614151,2.35,-0.0804889872670173
2,614800,0.0,-0.0565388351678848
2,614840,0.35,-0.1159592568874359
2,614903,13.68,0.1282244771718979
2,614948,26.94,0.1985691487789154
2,615491,4.65,-0.0586550533771514
2,615852,0.0,-0.0639541745185852
2,616044,5.52,-0.0677767768502235
2,616118,12.22,0.0883361622691154
2,616188,2.36,-0.1011488810181617
2,616511,6.12,-0.0163092464208602
2,616837,41.55,0.2180912047624588
2,617241,10.53,0.0445905067026615
2,617652,5.79,-0.0334490314126014
2,617945,10.38,0.0772517770528793
2,618356,11.66,0.0307198837399482
2,618695,3.82,-0.081570379436016
2,619054,30.56,0.1845453828573227
2,620022,12.8,0.0885437205433845
2,621963,0.26,-0.0567998439073562
2,622405,4.03,-0.0371916703879833
2,622488,25.84,0.2347647845745086
2,622571,13.04,0.0819452553987503
2,622956,23.44,0.1209882870316505
2,624160,13.94,0.1277255713939666
2,624717,15.07,0.1164318621158599
2,624775,14.69,0.1167836785316467
2,624915,0.0,-0.0469961017370224
2,626570,0.0,-0.0608287565410137
2,626895,1.73,-0.111969918012619
2,626934,2.72,-0.0818532779812812
2,627560,41.58,0.2196059823036193
2,627973,36.5,0.1430873125791549
2,628016,0.0,-0.0397223532199859
2,628037,39.43,0.2381458133459091
2,628238,3.78,-0.0702034011483192
2,628243,3.44,-0.1167346984148025
2,628283,1.65,-0.0810610055923461
2,628463,0.0,-0.0478495247662067
2,629016,6.94,-0.0287610068917274
2,629281,6.05,-0.0143683152273297
2,630368,5.97,-0.0253544021397829
2,630627,0.0,-0.0849283412098884
2,630892,5.15,-0.0424139611423015
2,631747,5.49,-0.062582641839981
2,631813,1.22,-0.1283774971961975
2,631934,7.16,-0.0107452785596251
2,631994,5.61,-0.0727735087275505
2,632083,2.33,-0.083525113761425
2,632124,17.44,0.145673856139183
2,634707,29.9,0.2474171370267868
2,635316,0.0,-0.0493023730814456
2,635575,9.88,-0.0016931934515014
2,635816,13.35,0.0560568794608116
2,635970,0.0,-0.0813172087073326
2,636155,0.0,-0.0639287084341049
2,636554,0.0,-0.0295879561454057
2,637175,4.99,-0.047882217913866
2,637349,19.17,0.1219653263688087
2,637527,5.82,-0.0190249551087617
2,637781,1.48,-0.0998547375202179
2,638070,0.37,-0.1278003752231598
2,638391,59.17,0.3077922165393829
2,638490,45.75,0.2382889986038208
2,638814,8.88,0.0098105808719992
2,639123,11.12,0.0439801774919033
2,639168,9.09,0.0246276631951332
2,639227,4.98,-0.0593577437102794
2,639433,7.05,-0.0272279139608144
2,639535,4.48,-0.0592204816639423
2,640254,20.42,0.0940812528133392
2,640262,2.48,-0.0876205787062645
2,642062,4.56,-0.0455626994371414
2,642612,13.26,0.1283332407474517
2,643977,8.62,0.0249259453266859
2,644198,12.51,0.0967124551534652
2,644311,22.3,0.1287014633417129
2,644319,3.59,-0.0841790065169334
2,644779,0.0,-0.0370860770344734
2,644978,9.14,0.0125977806746959
2,645098,56.98,0.1698318123817443
2,646031,2.62,-0.1013729721307754
2,646149,4.78,-0.0656557977199554
2,647366,54.35,0.3019404113292694
2,647765,10.42,0.0590103678405284
2,648595,2.46,-0.1267306357622146
2,649076,8.33,-0.0038166113663464
2,649082,0.0,-0.0448238439857959
2,649235,7.14,-0.0090894140303134
2,649361,2.0,-0.098701000213623
2,649385,2.54,-0.0994067266583442
2,649710,3.68,-0.0683161467313766
2,649993,12.59,0.1077216491103172
2,650248,35.21,0.2285649627447128
2,650305,5.08,-0.0605629980564117
2,650416,0.0,-0.0735689550638198
2,650468,10.67,0.0355360992252826
2,650857,1.82,-0.113809622824192
2,652071,15.47,0.1246524676680564
2,652300,7.08,-0.0318207219243049
2,653109,8.71,0.0086736371740698
2,653166,6.62,-0.0379111804068088
2,653909,0.0,-0.0486944839358329
2,653971,5.81,-0.0191366504877805
2,654586,6.12,-0.0228760093450546
2,654689,6.83,-0.0215079057961702
2,655842,2.88,-0.0984367579221725
2,656323,20.71,0.1257669031620025
2,656340,0.0,-0.0779797509312629
2,656381,2.44,-0.1037881225347518
2,656603,13.88,0.0762400403618812
2,657105,19.74,0.0799220353364944
2,657669,23.68,0.1572975814342498
2,657699,0.0,-0.0503106787800788
2,657847,11.5,0.0507302433252334
2,658087,0.0,-0.0708331912755966
2,658356,1.52,-0.0916188061237335
2,658554,6.3,-0.0226769670844078
2,659100,12.52,0.1366583853960037
2,659247,0.0,-0.0378819778561592
2,659773,0.0,-0.0622992739081382
2,661107,5.83,-0.030590284615755
2,661650,0.0,-0.0406738892197608
2,661803,16.75,0.1562912464141845
2,661820,43.01,0.1921639740467071
2,661876,21.22,0.1793187856674194
2,662138,27.82,0.1526250541210174
2,662472,1.3,-0.1096147298812866
2,662479,6.89,-0.0171055682003498
2,663465,0.96,-0.1350362747907638
2,663656,3.64,-0.0830618888139724
2,663681,9.01,-0.0028628802392631
2,663873,47.0,0.1536571085453033
2,664380,3.81,-0.0753858759999275
2,664977,11.45,0.0734326243400573
2,665026,2.57,-0.0994426980614662
2,665812,3.0,-0.0840249359607696
2,666443,0.0,-0.0493782050907611
2,666936,8.53,0.0005243572522886
2,666967,3.03,-0.0952755957841873
2,667101,2.52,-0.0775545686483383
2,667273,0.0,-0.0031893430277705
2,667778,18.35,0.107648380100727
2,667944,0.0,-0.0668926164507865
2,668659,9.91,0.0180351957678794
2,669118,0.0,-0.0203492473810911
2,669346,1.43,-0.1034498959779739
2,669811,5.09,-0.0668545216321945
2,669997,4.15,-0.0623935833573341
2,670782,0.28,-0.1251067221164703
2,671013,1.48,-0.1054935380816459
2,671303,20.48,0.1183485090732574
2,671762,15.69,0.0901965498924255
2,671989,27.34,0.2373435199260711
2,672112,57.05,0.2861833870410919
2,672387,4.76,-0.0585512183606624
2,672863,5.25,-0.0576314404606819
2,672875,0.0,-0.031767651438713
2,673649,6.8,-0.0276616774499416
2,674520,123.46,0.2824383378028869
2,674859,44.97,0.2296153455972671
2,675180,8.88,-0.0081864390522241
2,675665,20.41,0.1187052652239799
2,675967,0.0,-0.0663985237479209
2,676319,2.74,-0.1231821179389953
2,676453,0.0,-0.0623917132616043
2,676493,3.69,-0.0791288167238235
2,676775,1.38,-0.1195570454001426
2,677088,7.51,-0.0269686300307512
2,678637,7.66,-0.0206508692353963
2,678802,0.0,-0.0205773171037435
2,680342,6.64,-0.0205094125121831
2,680784,0.0,-0.0496047176420688
2,682264,12.15,0.097050167620182
2,682341,0.0,-0.0679521039128303
2,682621,7.41,-0.0067120748572051
2,682644,0.0,-0.0624087080359458
2,682892,2.07,-0.0955297350883483
2,683044,13.12,0.1372829675674438
2,683830,10.71,0.0666746571660041
2,683872,1.0,-0.0907109603285789
2,684294,2.49,-0.1119606047868728
2,684994,20.3,0.1065933480858802
2,686458,2.58,-0.0781000703573226
2,686469,38.67,0.158311977982521
2,687631,0.84,-0.2051581144332885
2,687793,11.17,0.0575331300497055
2,688263,0.0,-0.0805181339383125
2,689672,7.85,-0.0046060611493885
2,689706,0.0,-0.072947472333908
2,690517,10.81,0.0470358580350875
2,690581,8.61,-0.0126821212470531
2,690602,0.0,-0.0240866970270872
2,691158,0.0,-0.0520102679729461
2,691719,7.28,-0.0231434144079685
2,692082,23.86,0.1270909458398819
2,692249,1.23,-0.1442266851663589
2,692381,3.55,-0.0817182958126068
2,692395,7.13,-0.0328852012753486
2,692976,16.51,0.1261889636516571
2,693020,4.38,-0.0641622692346572
2,693119,3.53,-0.1066225245594978
2,694131,0.0,-0.0689918473362922
2,694201,6.22,-0.0202147010713815
2,694677,0.0,-0.0658498182892799
2,694887,10.8,0.0749017521739006
2,695421,20.08,0.1191159412264823
2,695476,7.79,-0.0254542790353298
2,695856,17.71,0.0947736948728561
2,697211,5.43,-0.0509297363460063
2,697749,0.0,-0.0350031442940235
2,697812,0.0,-0.0656258389353752
2,697838,6.63,-0.0091136805713176
2,698163,3.98,-0.040442906320095
2,698712,3.35,-0.1093452200293541
2,698995,4.41,-0.0592877827584743
2,699215,3.57,-0.0801565200090408
2,699304,0.0,-0.0565239414572715
2,699367,14.31,0.1026375219225883
2,699870,18.33,0.104568637907505
2,700532,3.2,-0.097237691283226
2,700731,7.52,-0.0250174775719642
2,700876,3.68,-0.0653358474373817
2,701712,13.25,0.128769651055336
2,702178,2.35,-0.1144089102745056
2,702220,49.92,0.2574305534362793
2,702473,8.98,-0.0005169629002921
2,702698,0.0,-0.0478115119040012
2,703392,14.96,0.1350786685943603
2,704221,0.0,-0.0608060285449028
2,704995,16.21,0.0658827573060989
2,705529,0.0,-0.0361064411699771
2,705585,0.0,-0.043145552277565
2,705778,0.0,-0.0200146120041608
2,706123,7.18,-0.0259017348289489
2,707198,18.74,0.1348700076341629
2,707515,5.2,-0.0567741803824901
2,708445,47.39,0.1802907288074493
2,708849,13.95,0.0840477347373962
2,709088,7.73,-0.0156305339187383
2,709235,6.33,-0.0198692977428436
2,709890,0.0,-0.0468676723539829
2,710245,1.86,-0.1336356103420257
2,710259,43.26,0.2367233335971832
2,710317,3.3,-0.0944088622927665
2,712105,0.0,-0.0480262860655784
2,712106,3.02,-0.1064004078507423
2,712130,0.0,-0.0577637813985347
2,712563,13.21,0.1007878556847572
2,712591,6.68,-0.017281949520111
2,712645,9.22,0.0005563297308981
2,712821,0.0,-0.0479383766651153
2,713314,18.94,0.114025205373764
2,713429,3.07,-0.0891894623637199
2,713479,4.88,-0.0638197883963584
2,713535,5.54,-0.06244508177042
2,714447,23.56,0.177078977227211
2,715410,44.94,0.1441862285137176
2,715837,1.44,-0.1583117842674255
2,715936,3.55,-0.0634331032633781
2,716202,29.02,0.1824814081192016
2,716372,7.4,-0.0165024548768997
2,716538,9.59,0.00898546166718
2,716817,0.0,-0.0515980049967765
2,716998,20.96,0.1181830614805221
2,717405,12.8,0.0837310850620269
2,717599,3.58,-0.0928818732500076
2,717831,20.52,0.0900633037090301
2,717891,3.34,-0.1008121594786644
2,718038,0.0,-0.0671556964516639
2,718225,15.09,0.0709766000509262
2,720144,7.0,-0.0306029468774795
2,720369,4.36,-0.0499408170580863
2,720602,1.94,-0.0878570824861526
2,720645,4.39,-0.0636873543262481
2,721058,32.56,0.1913892179727554
2,721751,20.83,0.1468017548322677
2,722378,0.0,-0.0325972847640514
2,722432,26.32,0.1723186373710632
2,722711,8.77,-0.0077646099962294
2,723165,2.54,-0.0994477346539497
2,723358,60.34,0.2610168159008026
2,725340,0.0,-0.0712731778621673
2,725455,22.45,0.1387637257575988
2,725556,7.24,-0.0149109289050102
2,727345,4.36,-0.0622764453291893
2,727449,16.91,0.126639574766159
2,727587,24.21,0.1673306226730346
2,727910,1.67,-0.1078966483473777
2,728450,0.0,-0.024289283901453
2,728497,1.36,-0.1053133010864257
2,728540,51.9,0.2432552278041839
2,728669,6.5,-0.0190153419971466
2,728684,8.4,-0.0119336219504475
2,730016,27.96,0.2292142510414123
2,730689,3.66,-0.0772423148155212
2,731300,6.38,-0.0192819610238075
2,731496,35.49,0.2015594094991684
2,731734,6.11,-0.020089391618967
2,731895,5.58,-0.0520295463502407
2,731934,13.3,0.0909602865576744
2,734250,7.54,-0.0192339085042476
2,734823,1.14,-0.125199943780899
2,735149,7.81,-0.0017264689086005
2,735185,12.66,0.0953798294067382
2,735993,0.0,-0.0689360946416854
2,736307,52.72,0.153239831328392
2,736618,6.85,-0.0278059914708137
2,736912,16.91,0.1234634593129158
2,737059,0.0,-0.0410941317677497
2,737113,40.49,0.2322069704532623
2,737635,1.15,-0.1136618256568908
2,738330,36.6,0.2513030171394348
2,740286,5.18,-0.0608766414225101
2,740319,9.97,0.0071042971685528
2,741032,37.89,0.1757360100746154
2,741272,20.35,0.1463782340288162
2,742155,19.97,0.1604790240526199
2,742214,0.0,-0.0388525649905204
2,743258,6.96,-0.0157767981290817
2,743548,21.79,0.1068466752767562
2,743854,9.65,0.0096381977200508
2,744203,14.65,0.1411032080650329
2,744532,8.27,-0.0201356522738933
2,744613,10.31,0.0330108627676963
2,745519,4.13,-0.0727250874042511
2,745563,1.52,-0.1155093908309936
2,745740,0.0,-0.073651909828186
2,745848,16.47,0.0780094414949417
2,747483,8.96,0.0130826234817504
2,747831,9.08,0.0174457356333732
2,749421,6.03,-0.0233890004456043
2,749685,5.8,-0.0302669741213321
2,749838,14.64,0.1534745842218399
2,749853,7.57,-0.0274851899594068
2,749891,0.0,-0.0389209426939487
2,750355,14.75,0.0726917684078216
2,750922,0.0,-0.0345286391675472
2,752028,0.0,-0.0335950478911399
2,752076,11.48,0.0518459230661392
2,752081,2.31,-0.1108195781707763
2,752208,1.44,-0.1006451025605201
2,752509,11.99,0.0526613965630531
2,752705,4.06,-0.0649567320942878
2,753436,0.0,-0.0714363902807235
2,754057,0.0,-0.0400888547301292
2,754563,17.83,0.116875946521759
2,756370,2.23,-0.0964359045028686
2,756439,2.77,-0.1029286608099937
2,756471,6.98,-0.01809355430305
2,756578,19.26,0.0911692529916763
2,756981,13.9,0.0718390867114067
2,757959,14.18,0.0904631465673446
2,758256,0.0,-0.0364475585520267
2,758401,0.0,-0.0413854159414768
2,759353,8.35,-0.0031225313432514
2,759657,17.43,0.0924280136823654
2,759687,6.72,-0.0349724106490612
2,760085,5.85,-0.0152233745902776
2,760450,5.03,-0.0666855201125145
2,760820,6.3,-0.0223002675920724
2,761075,0.0,-0.033575739711523
2,761794,6.91,-0.0117421336472034
2,761866,6.81,-0.0042188903316855
2,762761,0.0,-0.0440293364226818
2,762935,4.3,-0.0596458837389946
2,763059,17.87,0.0746373310685157
2,763773,0.0,-0.0477271787822246
2,764912,2.36,-0.0946704372763633
2,764970,55.33,0.1888066232204437
2,765049,0.0,-0.0605702847242355
2,766367,17.3,0.1266667991876602
2,766833,21.82,0.131555363535881
2,766891,10.02,0.0147059820592403
2,767109,8.74,0.0234679374843835
2,767355,4.27,-0.0550093837082386
2,768198,81.91,0.2505292296409607
2,769217,15.11,0.1335638910531997
2,769512,2.74,-0.10940682888031
2,770041,4.08,-0.0670851171016693
2,770368,5.13,-0.0494444034993648
2,770445,7.51,-0.0264930054545402
2,770614,12.69,0.0967702344059944
2,770688,2.39,-0.1091380193829536
2,770852,9.0,0.0215101595968008
2,771159,5.03,-0.0699153542518615
2,771607,15.24,0.1095878258347511
2,772290,3.95,-0.065320536494255
2,772602,14.96,0.0824436172842979
2,774205,0.0,-0.0652682408690452
2,774309,11.2,0.034072857350111
2,774802,1.68,-0.0907499715685844
2,774899,13.02,0.0937885195016861
2,775113,0.0,-0.0860436484217643
2,776787,0.0,-0.0762386173009872
2,778808,16.19,0.1146528869867324
2,779169,22.51,0.1088642030954361
2,779657,126.35,0.2280402928590774
2,779952,4.06,-0.0797081962227821
2,781355,1.38,-0.1424122452735901
2,781534,5.42,-0.0521210134029388
2,782088,54.49,0.271266222000122
2,782358,5.0,-0.0793338119983673
2,782534,0.0,-0.0689368918538093
2,782699,8.42,-0.0040063848719
2,782812,22.21,0.1415533870458603
2,783133,0.0,-0.0504629276692867
2,783488,3.42,-0.0858838558197021
2,784315,21.74,0.1195121929049491
2,784341,0.0,-0.0323873460292816
2,785324,0.0,-0.0512611828744411
2,786981,9.89,0.0026335639413446
2,787239,4.13,-0.0520579814910888
2,787558,17.97,0.1045520827174186
2,787858,23.14,0.1573142856359481
2,787898,5.52,-0.0612171292304992
2,788078,4.12,-0.0618999190628528
2,789431,0.0,-0.0364742986857891
2,790202,8.11,-0.0084707038477063
2,790500,22.09,0.2191150337457656
2,790525,0.0,-0.0163785722106695
2,790789,6.82,-0.0209833588451147
2,790963,13.18,0.0648743137717247
2,791325,0.0,-0.0731423795223236
2,791366,4.17,-0.0719120129942894
2,791412,12.18,0.0672852024435997
2,791591,4.53,-0.0442288406193256
2,792156,12.71,0.0971128493547439
2,793336,9.84,0.0275164246559143
2,793490,3.43,-0.0857597962021827
2,794149,18.45,0.1263952255249023
2,794177,3.74,-0.072884052991867
2,794649,0.0,-0.0983111634850502
2,794784,8.23,-0.026100531220436
2,794854,13.23,0.0962583050131797
2,795319,0.0,-0.0178258642554283
2,795466,36.96,0.190676674246788
2,797178,23.3,0.149954006075859
2,797463,17.84,0.1158481612801551
2,798083,0.59,-0.1723072230815887
2,798565,20.96,0.1268869638442993
2,798588,22.3,0.1440081298351287
2,798728,9.32,0.0046139280311763
2,798933,0.0,-0.0442818664014339
2,799069,6.27,-0.0175179839134216
2,800292,11.77,0.0423730798065662
2,801057,2.56,-0.11924559623003
2,801511,8.25,-0.0154890399426221
2,801561,78.95,0.279501736164093
2,801704,6.52,-0.0212771091610193
2,802018,6.82,-0.0308378096669912
2,802574,3.64,-0.0829073041677475
2,803358,0.0,-0.0560138523578643
2,803535,22.85,0.1112435832619667
2,803818,30.53,0.2479312270879745
2,804906,16.38,0.0930157080292701
2,805480,56.66,0.2248184531927108
2,806067,0.0,-0.073651909828186
2,806097,3.14,-0.0934844017028808
2,806276,0.0,-0.0277662500739097
2,806887,8.62,-0.0004407199448905
2,807043,2.54,-0.0868404135107994
2,807295,0.0,-0.0936984941363334
2,808147,3.04,-0.084820918738842
2,808386,1.52,-0.1181683838367462
2,808697,0.0,-0.0621113330125808
2,808853,17.44,0.1284919083118438
2,810000,29.39,0.2243460863828659
2,810781,9.71,0.016231121495366
2,810908,11.33,0.0546111054718494
2,811066,2.99,-0.0995013713836669
2,811660,13.81,0.1193194761872291
2,811699,5.05,-0.053040076047182
2,811915,0.0,-0.1160609424114227
2,813345,7.4,-0.0301413182169199
2,813721,12.89,0.0547614246606826
2,813880,10.04,0.0067846910096704
2,814160,12.81,0.0903722122311592
2,814408,2.89,-0.09344482421875
2,814848,0.0,-0.0186678729951381
2,815314,9.75,-0.0049592764116823
2,815467,9.39,-0.0044240709394216
2,816853,23.23,0.1797688454389572
2,816957,9.5,0.0002773622400127
2,817062,73.13,0.2047386318445205
2,817726,8.05,-0.01131496950984
2,818279,58.25,0.2188919335603714
2,818332,8.22,-0.0174693446606397
2,818372,16.44,0.0983538702130317
2,818878,13.69,0.1278634965419769
2,819208,2.94,-0.1049876287579536
2,819560,0.0,-0.021643653512001
2,819935,8.32,-0.0108494479209184
2,820501,0.0,-0.044900543987751
2,820627,53.33,0.1919100880622863
2,821348,9.58,0.0040748147293925
2,821471,19.51,0.1527713239192962
2,821510,5.28,-0.0605880618095397
2,822157,5.22,-0.0608797185122966
2,822743,23.54,0.1961063593626022
2,822758,8.71,-0.0027036620303988
2,823179,77.82,0.225528597831726
2,823528,7.71,-0.0146890031173825
2,823738,7.87,-0.0133535359054803
2,824196,1.93,-0.1208578944206237
2,824695,1.26,-0.1507297754287719
2,827777,0.0,-0.0594311878085136
2,829879,1.2,-0.1334806680679321
2,829880,9.21,0.018582297489047
2,829895,8.33,0.0158197302371263
2,830057,4.19,-0.0674679353833198
2,831219,1.58,-0.099998265504837
2,831906,23.18,0.1866649538278579
2,832475,1.3,-0.103963017463684
2,832829,43.67,0.1867478489875793
2,832917,0.0,-0.0571290627121925
2,833831,3.66,-0.0686113312840461
2,833841,90.62,0.2619085609912872
2,834808,4.25,-0.0573690347373485
2,835102,13.97,0.1353126466274261
2,835112,0.0,-0.0430239364504814
2,835431,0.0,-0.0709354132413864
2,837748,0.0,-0.0574402809143066
2,838598,24.94,0.132668137550354
2,838791,22.22,0.1441689878702163
2,838805,0.0,-0.0259113404899835
2,839263,1.42,-0.0954664051532745
2,839591,51.05,0.1442158371210098
2,839804,31.16,0.2200381308794021
2,839908,2.22,-0.1088918149471283
2,841114,6.87,-0.0257216431200504
2,842084,1.23,-0.0999826043844223
2,842459,17.44,0.0829235687851905
2,842665,0.0,-0.0432836450636386
2,842748,53.57,0.1825390011072158
2,842950,29.63,0.2024135589599609
3,896,15.24,0.0781912431120872
3,1024,0.0,-0.0305706709623336
3,1236,4.55,-0.0631129741668701
3,1648,2.73,-0.1148456111550331
3,1821,2.04,-0.1148401573300361
3,2284,0.82,-0.1608467251062393
3,3600,11.68,0.0281120650470256
3,4493,9.37,-0.0114591922610998
3,4896,36.36,0.1946012824773788
3,5323,5.23,-0.0693138167262077
3,5389,0.0,-0.0538979545235633
3,5962,4.46,-0.0544280298054218
3,6330,1.85,-0.1420981287956237
3,7659,7.38,-0.0312957465648651
3,7816,15.27,0.1096780970692634
3,8206,50.0,0.2893535494804382
3,8317,16.26,0.1404278129339218
3,8811,15.11,0.1190811544656753
3,8875,29.47,0.2327561229467392
3,10106,11.55,0.0698506906628608
3,11071,0.0,-0.0560765601694583
3,11250,11.65,0.068214975297451
3,11677,7.84,-0.0317635051906108
3,12094,0.0,-0.0515160858631134
3,12927,1.28,-0.1348975449800491
3,15584,2.63,-0.1008113175630569
3,15862,4.57,-0.0697702467441558
3,15879,4.58,-0.0699979439377784
3,15949,8.17,-0.0357202254235744
3,16201,9.82,-0.0085028428584337
3,16634,15.61,0.1604987382888794
3,16692,3.62,-0.088216483592987
3,16947,13.03,0.1190091222524643
3,17040,13.78,0.1108866557478904
3,17622,11.59,0.0549882724881172
3,17837,20.99,0.1341167241334915
3,19348,0.0,-0.0221149381250143
3,19565,10.98,0.0413306802511215
3,20004,1.35,-0.1210534572601318
3,20984,19.01,0.1311745941638946
3,21606,0.0,-0.0583065077662467
3,22023,64.1,0.2741211950778961
3,22025,20.64,0.110492393374443
3,22771,10.78,0.0797639712691307
3,22944,8.63,0.0185545124113559
3,23717,4.14,-0.0556310303509235
3,23744,0.0,-0.0463189855217933
3,23835,3.43,-0.0726029053330421
3,24838,22.49,0.0996265336871147
3,24894,5.54,-0.0585872009396553
3,25051,0.0,-0.037838976830244
3,25098,0.0,-0.0740953311324119
3,25433,0.0,-0.0816274881362915
3,26075,0.0,-0.0527362078428268
3,26376,7.4,-0.0207503754645586
3,26471,0.0,-0.0530035719275474
3,26931,1.92,-0.0795479118824005
3,27940,10.68,0.061335127800703
3,28185,4.57,-0.0686345621943473
3,28230,2.9,-0.0711399763822555
3,28667,0.0,-0.0629522874951362
3,29312,8.0,-0.0269252248108387
3,29735,1.4,-0.1441475003957748
3,29761,8.71,0.0054311626590788
3,29971,0.0,-0.0677200555801391
3,30533,22.36,0.1739357262849807
3,30611,22.81,0.2013415992259979
3,31464,0.0,-0.055816002190113
3,32194,2.21,-0.0942627266049385
3,32850,20.14,0.1662765592336654
3,33115,9.79,0.0163079388439655
3,33710,14.23,0.158578023314476
3,33797,8.47,-0.0162189435213804
3,33886,37.04,0.1652490794658661
3,34445,3.08,-0.1198484674096107
3,35171,3.85,-0.0497808158397674
3,35183,7.67,-0.0324399769306182
3,36061,14.62,0.150985836982727
3,36704,1.92,-0.0763266012072563
3,36722,0.0,-0.0470297001302242
3,36879,1.43,-0.0928493961691856
3,36887,0.0,-0.0709648728370666
3,37784,4.46,-0.0585262775421142
3,37950,25.45,0.2224748879671096
3,38618,15.66,0.1314584016799926
3,38965,2.25,-0.0960843339562416
3,39031,8.54,0.0116820102557539
3,39063,14.2,0.0973412543535232
3,40076,1.34,-0.1312134712934494
3,40195,6.64,-0.0351102240383625
3,40422,25.17,0.1296353340148925
3,40541,0.0,-0.0504727363586425
3,40822,2.02,-0.0794506222009658
3,41161,14.34,0.1258534640073776
3,41284,18.12,0.1415123790502548
3,41479,3.63,-0.0728105157613754
3,42031,0.0,-0.0461640283465385
3,42219,9.35,-0.0141082964837551
3,42577,0.0,-0.0411135703325271
3,42605,1.23,-0.103603184223175
3,42659,27.23,0.2496111840009689
3,43781,8.26,-0.010833142325282
3,44040,16.2,0.149894431233406
3,44100,21.53,0.150429368019104
3,44105,4.48,-0.0589835494756698
3,44244,1.89,-0.0976868644356727
3,46649,3.5,-0.0879877060651779
3,47067,14.83,0.0882023721933364
3,47479,3.91,-0.0687328055500984
3,48448,7.52,-0.0212727654725313
3,48460,22.6,0.1207585483789444
3,48906,20.41,0.1013426333665847
3,48987,14.46,0.1143712550401687
3,49250,10.07,0.0500277020037174
3,49341,3.57,-0.0875225961208343
3,51074,3.24,-0.0848499312996864
3,51152,0.0,-0.0475935861468315
3,51420,0.0,-0.0283065810799598
3,51790,12.44,0.0826806649565696
3,52189,1.13,-0.1570079773664474
3,52429,9.93,-0.0217474680393934
3,52738,2.76,-0.1216377690434455
3,53872,7.02,-0.0133275231346488
3,53915,16.31,0.1505061835050583
3,53980,0.0,-0.0724818632006645
3,54021,2.78,-0.0804947540163993
3,54179,5.9,-0.0401043482124805
3,54330,5.45,-0.0376595295965671
3,54428,1.24,-0.1290173232555389
3,54477,14.1,0.102065809071064
3,55855,0.0,-0.0511823184788227
3,56161,23.35,0.1866234540939331
3,56687,0.0,-0.0569462068378925
3,57213,0.0,-0.0605306737124919
3,57302,13.07,0.1500988602638244
3,57439,0.0,-0.0752087756991386
3,58117,17.76,0.1768645346164703
3,60009,4.86,-0.0660236999392509
3,60386,0.0,-0.0485342592000961
3,61378,13.67,0.1044009551405906
3,63044,5.88,-0.0248430520296096
3,63182,12.59,0.0722789987921714
3,63257,0.0,-0.0647906735539436
3,63495,5.53,-0.0405476465821266
3,63874,12.42,0.0976790338754654
3,64657,5.68,-0.0284743998199701
3,65017,12.73,0.0754243955016136
3,65417,0.0,-0.0743363276124
3,65679,35.61,0.1549844741821289
3,65724,12.26,0.0203534793108701
3,66509,1.49,-0.1162417009472847
3,66653,0.0,-0.0542576685547828
3,66801,12.36,0.0499204322695732
3,66830,25.6,0.2254534363746643
3,67070,25.03,0.1949957460165023
3,67115,0.0,-0.0772966369986534
3,67468,2.21,-0.112288199365139
3,67800,0.0,-0.0806788504123687
3,67922,4.63,-0.0601125657558441
3,68111,8.75,0.0096705220639705
3,68212,0.0,-0.0577820390462875
3,68237,10.38,0.0688148513436317
3,68925,1.47,-0.1161082610487937
3,69015,0.0,-0.059782437980175
3,69128,0.0,-0.0535066239535808
3,69416,8.23,-0.0231300480663776
3,70739,8.57,0.0131519576534628
3,70790,7.28,-0.0229010935872793
3,70955,0.0,-0.0803675130009651
3,72204,5.32,-0.072242297232151
3,72887,0.0,-0.0683659836649894
3,74074,17.87,0.1256363689899444
3,74397,11.36,0.0412407517433166
3,74876,0.0,-0.0630364194512367
3,75476,0.0,-0.0769886150956153
3,76005,2.9,-0.1055487990379333
3,76016,0.0,-0.0776724591851234
3,76032,13.58,0.0959793031215667
3,76060,0.0,-0.0462719351053237
3,76136,0.0,-0.0274669099599123
3,76785,26.04,0.2501399517059326
3,76998,13.86,0.0864989683032035
3,77088,1.05,-0.0887976437807083
3,78221,0.0,-0.0550281591713428
3,78327,2.58,-0.0818040668964386
3,78372,0.0,-0.0498818829655647
3,78610,5.29,-0.0500516556203365
3,78731,19.34,0.0623923987150192
3,78811,6.83,-0.0233261529356241
3,78977,0.0,-0.0150644835084676
3,79039,9.67,0.0005944595322944
3,79787,15.11,0.1205263435840606
3,80596,0.0,-0.0420859158039093
3,80869,23.61,0.2233238667249679
3,81031,0.0,-0.0558975152671337
3,81047,3.71,-0.0823209807276725
3,81290,0.0,-0.0709035396575927
3,81827,0.0,-0.0540456436574459
3,82088,23.02,0.1906858384609222
3,82600,10.86,0.0402351208031177
3,83180,62.37,0.2772383093833923
3,84515,3.43,-0.0933282002806663
3,84999,8.94,0.0129365278407931
3,85332,8.99,-0.0025601079687476
3,85979,0.28,-0.1442708820104599
3,86355,22.96,0.1732245981693267
3,87167,11.88,0.0448593683540821
3,87627,0.0,-0.0140047129243612
3,87709,12.79,0.0631359219551086
3,87829,18.9,0.1067925468087196
3,87889,0.0,-0.0375929810106754
3,87969,38.17,0.2328976690769195
3,88129,1.28,-0.1351035386323928
3,88486,4.9,-0.0677544176578521
3,89860,0.0,-0.0897406116127967
3,90785,5.33,-0.0572790689766407
3,90820,1.72,-0.092150792479515
3,90899,27.76,0.20999376475811
3,91240,2.33,-0.1062984690070152
3,91441,0.0,-0.0716581791639328
3,92282,9.17,-4.628809620044194e-06
3,93476,20.58,0.0906303972005844
3,94640,12.78,0.1034533455967903
3,95125,0.0,-0.0966789200901985
3,95541,7.94,-0.0315216891467571
3,95757,2.45,-0.1087329685688018
3,95923,10.33,0.0301695968955755
3,96375,4.48,-0.0621947571635246
3,96824,1.83,-0.1229771599173545
3,97599,3.69,-0.0680016353726387
3,97742,0.0,-0.0334437079727649
3,97943,14.96,0.1040666475892067
3,98386,0.0,-0.0377123095095157
3,98704,28.1,0.2304572910070419
3,98985,0.0,-0.0390294976532459
3,99688,0.0,-0.0574658475816249
3,99810,0.0,-0.070245437324047
3,100198,15.28,0.1004534661769867
3,100626,0.0,-0.036618448793888
3,101296,8.18,-0.0112644424661993
3,101728,0.0,-0.0724347382783889
3,102018,8.04,-0.0054227523505687
3,102549,9.43,-0.0020740202162414
3,103829,16.14,0.1148948743939399
3,104071,6.36,-0.0288183186203241
3,104128,78.39,0.2011048644781112
3,104138,3.72,-0.093555711209774
3,105063,13.37,0.0751562640070915
3,105534,0.0,-0.0637096166610717
3,106404,12.08,0.0503689348697662
3,106778,16.64,0.10519739985466
3,107140,15.13,0.1298501789569854
3,107986,0.0,-0.047557134181261
3,108152,0.0,-0.0767973139882087
3,108287,15.35,0.0973311737179756
3,108439,22.21,0.1267599463462829
3,109322,12.11,0.0384254269301891
3,109834,10.85,0.0194912627339363
3,110170,26.88,0.1751398146152496
3,110650,8.12,-0.0290145557373762
3,111619,8.8,0.0177964195609092
3,112106,3.72,-0.0758424773812294
3,112456,5.87,-0.0323527343571186
3,112661,3.75,-0.0838110670447349
3,113234,7.16,-0.0234721656888723
3,113386,5.7,-0.0404756627976894
3,113486,12.56,0.0816846266388893
3,113490,0.0,-0.0622636564075946
3,113682,4.89,-0.0519027672708034
3,114662,15.66,0.110035590827465
3,114691,5.12,-0.0598098710179328
3,115410,0.0,-0.0775326713919639
3,115884,0.0,-0.0577963031828403
3,116361,9.33,0.0081124566495418
3,116409,12.78,0.155350312590599
3,116448,34.29,0.2418389171361923
3,116476,6.56,-0.0434179529547691
3,116526,5.04,-0.0570020675659179
3,116533,1.8,-0.099121943116188
3,116616,0.0,-0.0414741933345794
3,117132,7.09,-0.0299877319484949
3,117224,16.23,0.1009730920195579
3,117503,5.52,-0.0690366178750991
3,117703,4.33,-0.0537634342908859
3,117707,3.58,-0.088961660861969
3,117862,3.27,-0.0876528248190879
3,118131,0.0,-0.0411649495363235
3,118500,17.59,0.1384670287370681
3,119034,12.98,0.0695296972990036
3,119075,35.2,0.1888999938964843
3,119082,2.62,-0.0742162689566612
3,119580,6.02,-0.0293228141963481
3,120148,24.3,0.2348776459693908
3,120892,4.22,-0.0655860528349876
3,120995,2.68,-0.1123085767030716
3,121199,20.46,0.0760306492447853
3,121237,5.62,-0.0397871993482112
3,121764,5.03,-0.0396716073155403
3,123721,2.1,-0.0883196368813514
3,124040,0.0,-0.0553387962281703
3,124256,0.0,-0.0215453654527664
3,124914,9.04,0.0111257070675492
3,125038,0.0,-0.0648676455020904
3,125663,25.88,0.200306162238121
3,126187,8.95,0.0001695888495305
3,126312,0.0,-0.0679771676659584
3,126755,0.0,-0.0634778067469596
3,126837,21.76,0.1559337824583053
3,127094,3.81,-0.068333588540554
3,127553,5.24,-0.0690909400582313
3,127737,2.02,-0.1189636662602424
3,128767,20.01,0.0828248783946037
3,128775,13.01,0.1565786600112915
3,129114,3.34,-0.0788176581263542
3,129545,5.25,-0.0684617161750793
3,129700,55.85,0.2655523717403412
3,129781,3.4,-0.0888373479247093
3,130087,4.82,-0.0574200600385665
3,130110,7.96,-0.0276831071823835
3,130258,1.87,-0.0871345102787017
3,130732,0.0,-0.0786495581269264
3,130757,32.89,0.2236901670694351
3,131190,44.82,0.1716434955596923
3,131549,4.15,-0.0681622922420501
3,132088,1.82,-0.1260697394609451
3,132330,0.0,-0.0813049972057342
3,132504,3.55,-0.0695039108395576
3,132911,47.39,0.192399114370346
3,133680,9.85,0.0039955959655344
3,134280,15.69,0.1178951859474182
3,134448,5.2,-0.0479050688445568
3,134739,0.0,-0.0693007335066795
3,134962,0.0,-0.0630584135651588
3,135333,47.28,0.2173633873462677
3,136150,28.78,0.1879067122936248
3,136825,6.22,-0.0308150853961706
3,136880,4.36,-0.0665809884667396
3,137041,6.62,-0.0318427607417106
3,137566,12.7,0.1315746158361435
3,138084,4.38,-0.0582733303308486
3,140260,13.39,0.1586119383573532
3,140803,0.0,-0.0440311469137668
3,141029,21.01,0.1165847852826118
3,141054,7.14,-0.0219939351081848
3,141621,10.32,0.0352390371263027
3,141850,0.0,-0.046863779425621
3,142109,42.02,0.1902230829000473
3,142566,7.6,-0.014168013818562
3,142963,4.68,-0.0661240071058273
3,143002,14.25,0.0927140191197395
3,143520,1.88,-0.1027516350150108
3,143812,12.59,0.1377418786287307
3,143842,7.15,-0.0174515638500452
3,143890,0.0,-0.0230703987181186
3,144298,4.49,-0.0571876056492328
3,145567,0.0,-0.1121463999152183
3,145668,6.55,-0.0280191097408533
3,146416,9.46,0.0109154023230075
3,146417,4.9,-0.0549895949661731
3,146423,18.71,0.1573788225650787
3,146445,38.86,0.1828095763921737
3,147418,1.4,-0.1174975559115409
3,147972,97.4,0.2022741287946701
3,149773,0.0,-0.0187100712209939
3,149945,1.6,-0.1374112069606781
3,150008,30.24,0.2843956649303436
3,150103,7.38,-0.0131231844425201
3,150203,24.58,0.1644495874643325
3,150207,4.87,-0.0720261856913566
3,150253,0.0,-0.0780968442559242
3,150338,11.78,0.0227935537695884
3,150838,25.69,0.2236728519201278
3,152110,12.38,0.0524686425924301
3,152931,8.54,-0.0052495747804641
3,153215,10.2,0.0198541693389415
3,153419,22.81,0.1684597134590149
3,155470,0.0,-0.0287615098059177
3,155727,12.58,0.0758919864892959
3,155832,16.46,0.1433927416801452
3,156694,0.0,-0.042375735938549
3,156956,0.0,-0.0763484090566635
3,156995,27.03,0.2362099587917328
3,157665,0.0,-0.0544102378189563
3,158200,5.05,-0.0506089217960834
3,158400,11.63,0.0468957684934139
3,158438,29.01,0.130501240491867
3,158816,5.61,-0.0559593699872493
3,158846,3.0,-0.0853409618139267
3,158896,0.0,-0.0531276986002922
3,159062,0.0,-0.0541774742305278
3,159826,0.0,-0.0763484090566635
3,160349,3.17,-0.0786731019616127
3,160607,0.0,-0.0600605085492134
3,160758,0.0,-0.0299304835498332
3,160794,27.61,0.2168300896883011
3,161290,2.5,-0.1096383035182952
3,161365,0.0,-0.0312366001307964
3,162984,4.37,-0.078610248863697
3,163328,0.0,-0.0274148527532815
3,164196,0.0,-0.0993829444050788
3,164235,3.05,-0.0640465915203094
3,165446,17.63,0.1101114600896835
3,165643,2.13,-0.1271333992481231
3,165743,10.46,0.0536766834557056
3,166056,20.2,0.1316184997558593
3,166275,7.58,-0.0015980765456333
3,166478,12.88,0.1040223613381385
3,167195,0.0,-0.0482804700732231
3,167400,0.0,-0.047595240175724
3,168086,7.75,-0.0305764358490705
3,169233,16.85,0.1038386225700378
3,169847,0.0,-0.0726159512996673
3,169986,2.91,-0.093985803425312
3,170757,0.0,-0.0462205670773983
3,172019,8.03,-0.015905087813735
3,172116,5.52,-0.0430431701242923
3,173118,0.0,-0.0474808774888515
3,173785,0.0,-0.0660081654787063
3,174699,2.92,-0.0940881967544555
3,175417,14.17,0.1184519454836845
3,175572,12.18,0.0323821641504764
3,176471,19.86,0.1181859448552131
3,177274,9.51,-0.0061910930089652
3,177442,0.0,-0.0686240643262863
3,177759,0.0,-0.0520131289958953
3,178004,0.0,-0.0655508786439895
3,178048,13.03,0.1446051150560379
3,178094,0.0,-0.0763484090566635
3,178614,0.0,-0.0705935955047607
3,178861,1.4,-0.1332241892814636
3,178955,6.51,-0.0293131843209266
3,179917,8.52,0.0058232028968632
3,180153,0.0,-0.098850779235363
3,180443,15.0,0.0935070142149925
3,180540,3.31,-0.0948823392391204
3,180730,0.0,-0.0849932208657264
3,181807,4.84,-0.0561203584074974
3,181837,21.55,0.1243362128734588
3,181940,1.04,-0.1079893559217453
3,181957,0.0,-0.0544969886541366
3,181978,0.0,-0.0434421561658382
3,182082,21.51,0.1711541712284088
3,182212,0.0,-0.0541843697428703
3,182569,0.0,-0.080149345099926
3,182794,4.92,-0.0693632364273071
3,183126,6.34,-0.0316730104386806
3,183769,10.74,0.0347519144415855
3,184119,5.96,-0.0271746106445789
3,184143,0.0,-0.0555440336465835
3,184424,2.3,-0.1222585961222648
3,184629,5.38,-0.0575246140360832
3,184705,31.12,0.1887616217136383
3,184770,3.08,-0.0814521983265876
3,185363,5.95,-0.0262446850538253
3,186585,1.05,-0.1317216008901596
3,186898,3.62,-0.0675709322094917
3,187025,26.39,0.2579621076583862
3,187265,12.18,0.0728901326656341
3,187498,0.0,-0.0846874713897705
3,187511,2.15,-0.0751834586262703
3,187587,7.69,-0.0295851826667785
3,187759,12.03,0.0162932258099317
3,187982,0.0,-0.0566819049417972
3,188674,0.0,-0.0328865051269531
3,188694,8.52,0.0051965275779366
3,188871,4.99,-0.0557810179889202
3,189535,0.0,-0.0556908026337623
3,190243,2.66,-0.0843213126063346
3,190500,17.57,0.1105691418051719
3,190981,7.17,-0.0307985842227935
3,190989,7.36,-0.027150860056281
3,191142,0.0,-0.0777702257037162
3,191288,0.7,-0.1581448167562484
3,191706,2.42,-0.0764582753181457
3,191815,0.0,-0.0553247481584548
3,192075,11.36,0.0264651700854301
3,192758,21.02,0.0709593519568443
3,192935,37.58,0.1762948632240295
3,193820,7.29,-0.0267625451087951
3,194599,8.45,-0.0130473328754305
3,194747,63.19,0.3010759353637695
3,194912,13.55,0.113341249525547
3,195168,6.68,-0.0397377870976924
3,195422,0.0,-0.0560023486614227
3,196402,2.92,-0.0982423573732376
3,196890,10.55,0.0709651783108711
3,197027,0.0,-0.0717391371726989
3,197408,0.0,-0.0157368835061788
3,197413,3.08,-0.1106420084834098
3,197967,3.69,-0.0759589150547981
3,198044,27.99,0.2572486698627472
3,198119,11.11,0.0382002927362918
3,198746,0.0,-0.0572970919311046
3,200019,0.0,-0.072354145348072
3,200411,0.0,-0.0797929614782333
3,200560,2.8,-0.1301415413618087
3,200764,0.0,-0.0484296567738056
3,202626,0.0,-0.0537396371364593
3,202673,11.51,0.0129251666367053
3,203326,11.2,0.0198260657489299
3,203512,0.0,-0.0461898371577262
3,203747,37.9,0.191560685634613
3,204572,5.63,-0.0673184916377067
3,205422,4.29,-0.0633263140916824
3,205966,7.34,-0.0235976595431566
3,206722,12.84,0.1436481475830078
3,206776,0.0,-0.0880710631608963
3,207414,0.0,-0.061103917658329
3,207628,31.72,0.1831617355346679
3,207952,4.23,-0.0583922304213047
3,209492,1.59,-0.1143235564231872
3,209504,38.11,0.1941408962011337
3,209585,0.0,-0.0763484090566635
3,209616,5.74,-0.0360189862549304
3,210023,4.22,-0.0694125965237617
3,210747,21.79,0.1284293234348297
3,213740,70.63,0.4163201153278351
3,213741,18.64,0.0799640864133834
3,213982,0.0,-0.0638196542859077
3,214703,40.38,0.2090727984905243
3,214861,28.34,0.2111780047416687
3,215164,0.0,-0.1007717475295066
3,215416,0.0,-0.0602479502558708
3,215519,113.46,0.3114675283432007
3,216847,17.8,0.1264573037624359
3,216954,9.45,-0.0083087775856256
3,217235,9.79,-0.0199968963861465
3,217576,0.0,-0.0431621298193931
3,217891,4.42,-0.0601289682090282
3,218911,0.92,-0.1352361440658569
3,219250,1.31,-0.0987582206726074
3,219258,0.0,-0.0748664438724517
3,219329,21.8,0.1389945149421692
3,219691,6.38,-0.0379624925553798
3,219816,0.0,-0.0445563718676567
3,221018,15.14,0.1147996634244918
3,221658,1.65,-0.1254618763923645
3,221768,0.0,-0.0318649336695671
3,221842,6.32,-0.034645814448595
3,221976,0.0,-0.0774334892630577
3,222418,0.0,-0.1182740777730941
3,223221,11.26,0.0320438221096992
3,223228,46.95,0.2484219521284103
3,223670,11.01,0.0139009142294526
3,224205,3.38,-0.0911779329180717
3,224362,7.99,-0.0336855128407478
3,224764,15.63,0.1131002232432365
3,225876,13.46,0.1368207335472107
3,227431,14.46,0.1040919572114944
3,227907,3.09,-0.0760671272873878
3,228313,14.28,0.1191830411553382
3,228853,1.67,-0.0945785343647003
3,229075,1.34,-0.1273804157972335
3,229697,7.77,-0.0225589741021394
3,229916,2.64,-0.1153378710150718
3,230036,15.91,0.1007070764899253
3,230657,3.43,-0.0950620993971824
3,231340,0.0,-0.0681511238217353
3,231699,17.88,0.157289907336235
3,232302,9.58,-0.0014408375136554
3,232797,4.94,-0.0565163865685462
3,233023,22.77,0.1829169541597366
3,233391,4.08,-0.0741447061300277
3,233969,15.35,0.1446337401866912
3,234076,2.95,-0.1053959354758262
3,234479,16.37,0.1054699569940567
3,234644,6.13,-0.030802821740508
3,235220,0.0,-0.0539731979370117
3,235404,5.66,-0.0421766974031925
3,235557,9.59,0.0099118966609239
3,237180,20.97,0.1610758155584335
3,238062,1.51,-0.1082032993435859
3,238113,3.39,-0.0983400419354438
3,238393,0.0,-0.0910615846514701
3,238706,6.48,-0.0289070270955562
3,239490,25.38,0.1701031178236007
3,239728,4.09,-0.0691070929169654
3,240327,1.27,-0.0964618027210235
3,240529,9.42,-0.0004472548316698
3,240856,17.74,0.1441885232925415
3,241064,5.3,-0.0575285367667675
3,241215,0.0,-0.0389853939414024
3,242739,0.0,-0.0595778562128543
3,243135,6.88,-0.0234835725277662
3,243584,37.55,0.1841539740562439
3,244196,8.58,0.0038805757649242
3,244422,9.45,0.0206800941377878
3,246609,5.71,-0.0368901267647743
3,247361,16.83,0.0878261253237724
3,247821,11.48,0.0318635813891887
3,248295,1.17,-0.1228729784488678
3,248423,10.26,0.0089748492464423
3,248438,4.14,-0.0679727345705032
3,248794,7.37,-0.0276222787797451
3,249163,33.86,0.2201818227767944
3,249230,0.93,-0.1351335644721985
3,249836,22.21,0.1249041780829429
3,250073,3.46,-0.107061743736267
3,250288,9.84,0.0159527007490396
3,250418,1.39,-0.1224481984972953
3,251278,12.36,0.0276003442704677
3,251761,10.35,0.0590705759823322
3,252362,14.42,0.0925960764288902
3,252469,61.68,0.2364391088485717
3,253851,0.0,-0.0712987408041954
3,253880,0.0,-0.0173651948571205
3,254503,0.0,-0.0691663473844528
3,254550,30.57,0.2398429661989212
3,255029,5.95,-0.0436053462326526
3,255259,32.35,0.1927606165409088
3,255735,12.17,0.0486710891127586
3,255887,30.1,0.2010672092437744
3,256113,10.53,0.0649091228842735
3,256236,0.0,-0.0666988715529441
3,256252,2.73,-0.082908034324646
3,256261,0.55,-0.1650735288858413
3,256283,4.17,-0.074621595442295
3,256553,13.28,0.1077846810221672
3,257079,0.0,-0.0519104301929473
3,257506,11.44,0.0666810795664787
3,257977,8.27,-0.0078129414469003
3,258168,22.06,0.138344407081604
3,259745,8.68,0.0031253590714186
3,259852,26.02,0.2656144499778747
3,260007,0.0,-0.0615538507699966
3,260223,0.0,-0.0786547511816024
3,260344,10.64,0.0249832533299922
3,260902,8.58,0.0224922653287649
3,261052,7.78,-0.0214545652270317
3,261388,48.84,0.1511281728744506
3,261469,0.0,-0.0683291926980018
3,261504,15.13,0.1144836172461509
3,262051,0.0,-0.0652861595153808
3,262221,10.05,0.0392240546643734
3,263725,8.96,-0.0041561261750757
3,264018,11.79,0.0428931042551994
3,264140,20.7,0.1211240217089653
3,264262,56.7,0.2371965199708938
3,264408,16.23,0.0942871794104576
3,264813,2.9,-0.079231783747673
3,265323,16.55,0.1437200456857681
3,265876,6.42,-0.0204452071338892
3,266062,3.33,-0.1074428483843803
3,266919,0.0,-0.0596342682838439
3,267201,8.52,-0.0060097826644778
3,267232,12.69,0.0850175842642784
3,267621,9.08,0.0194326508790254
3,267700,0.0,-0.0644214749336242
3,268514,19.58,0.1155961900949478
3,269257,1.66,-0.0876042768359184
3,269268,0.0,-0.080104760825634
3,269830,22.45,0.1662301570177078
3,270066,0.0,-0.0928264781832695
3,270284,0.0,-0.0530258603394031
3,270398,1.62,-0.0769647434353828
3,270600,0.0,-0.0454088747501373
3,270876,2.66,-0.0933755710721015
3,271227,0.0,-0.0638306140899658
3,271278,15.62,0.0977774262428283
3,271323,7.84,-0.0006848881603218
3,271899,31.95,0.173440933227539
3,272578,13.94,0.0850868001580238
3,272711,0.0,-0.0600353255867958
3,273768,0.0,-0.0737541019916534
3,273883,2.29,-0.1031654477119445
3,273943,6.09,-0.0271330550312995
3,274521,19.03,0.1253851354122162
3,274548,10.13,0.0641933530569076
3,275090,7.37,-0.0208366923034191
3,275309,7.86,-0.021056592464447
3,276081,0.0,-0.0546990670263767
3,276527,3.88,-0.0780939236283302
3,276674,43.83,0.2278458923101425
3,277633,2.76,-0.1099341809749603
3,278281,49.64,0.2471943944692611
3,278286,2.18,-0.1097629442811012
3,278575,10.0,0.0033965602051466
3,278595,4.52,-0.0686492472887039
3,279215,10.53,0.0212861057370901
3,279766,8.49,-0.0087179532274603
3,280391,0.0,-0.0766298472881317
3,280697,0.0,-0.0637914389371872
3,281974,5.43,-0.0608771294355392
3,282054,6.53,-0.0198601856827735
3,282309,4.4,-0.0721207857131958
3,282356,9.32,-0.0120965670794248
3,282643,0.0,-0.0905293971300125
3,283473,0.0,-0.0854480415582656
3,283539,0.0,-0.0385362803936004
3,284734,9.39,0.0082798283547163
3,284884,4.91,-0.0518474988639354
3,285134,24.33,0.1872436702251434
3,285791,0.0,-0.0771453604102134
3,286817,2.49,-0.1261151731014251
3,286900,0.0,-0.0474885180592536
3,287853,7.32,-0.0204741917550563
3,287871,9.6,0.0035369070246815
3,288799,13.99,0.0586066506803035
3,288899,7.84,-0.021642331033945
3,289103,18.22,0.1420986205339431
3,289999,0.61,-0.1415837258100509
3,290996,0.0,-0.0643579810857772
3,291930,7.13,-0.0221540052443742
3,292107,34.86,0.1847060620784759
3,292228,1.65,-0.1155131012201309
3,292535,0.0,-0.0636183619499206
3,293234,1.43,-0.1193995103240013
3,293274,0.0,-0.0767631530761718
3,293539,1.17,-0.0992660000920295
3,293577,32.25,0.1895066946744918
3,293593,5.55,-0.0629192888736724
3,293623,11.36,0.035690426826477
3,293777,1.11,-0.1505875140428543
3,294609,0.0,-0.0329503826797008
3,295341,4.89,-0.0542769134044647
3,295471,7.4,-0.0221505165100097
3,295882,4.67,-0.0786455869674682
3,295925,0.0,-0.0425710678100585
3,296051,13.57,0.1330185234546661
3,296130,0.0,-0.0185461230576038
3,297078,21.65,0.1169591099023819
3,297369,10.71,0.0292085353285074
3,297908,11.02,0.0233099143952131
3,298239,0.0,-0.0591157153248786
3,299422,0.91,-0.1760315001010894
3,300203,5.7,-0.0360448323190212
3,300277,0.0,-0.0539920330047607
3,300393,51.62,0.1480498611927032
3,300935,3.58,-0.0858106166124343
3,301046,18.99,0.0797920599579811
3,301080,10.82,0.0555649995803833
3,302124,7.29,-0.014324102550745
3,302619,11.95,0.0508696921169757
3,303548,4.72,-0.0475584454834461
3,304624,5.9,-0.0395390167832374
3,304629,10.68,0.0377465263009071
3,304637,5.16,-0.0654424354434013
3,304823,4.51,-0.0488039590418338
3,305012,0.0,-0.0390766337513923
3,305167,0.0,-0.0555517151951789
3,305355,0.0,-0.0729354918003082
3,305364,7.07,-0.0232395511120557
3,305508,0.0,-0.04578872397542
3,305627,0.0,-0.0340911820530891
3,305681,1.14,-0.1137174293398857
3,306361,6.33,-0.0280747078359127
3,306371,0.0,-0.042970847338438
3,307081,19.72,0.119498535990715
3,307888,9.34,0.0122697502374649
3,308016,4.11,-0.0583641342818737
3,308827,7.81,-0.0193565655499696
3,308993,29.94,0.134056732058525
3,309059,3.79,-0.0639092102646827
3,310369,4.28,-0.0665784403681755
3,310952,1.36,-0.1177938356995582
3,311064,5.82,-0.0291063617914915
3,311449,8.99,-0.0058152829296886
3,311589,0.0,-0.0452649518847465
3,311621,7.78,-0.0159049984067678
3,311786,5.72,-0.0314590856432914
3,312068,2.61,-0.0740747079253196
3,312549,0.0,-0.0506468266248703
3,313708,11.8,0.0411923490464687
3,315687,0.0,-0.0560780502855777
3,315715,6.66,-0.0254320949316024
3,315720,13.7,0.1467011868953704
3,316015,2.98,-0.0750582441687583
3,316441,1.37,-0.1071284487843513
3,317354,0.0,-0.0508059561252594
3,318691,6.17,-0.0246955621987581
3,319085,0.0,-0.0707665234804153
3,319101,6.91,-0.0192006789147853
3,319521,8.22,-0.0201392248272895
3,319579,2.32,-0.0848569497466087
3,320959,21.06,0.1273024827241897
3,321103,8.68,0.0191111676394939
3,321746,45.27,0.230621188879013
3,322106,2.81,-0.1117302402853965
3,323414,7.17,-0.0275312606245279
3,323616,11.3,0.0285060908645391
3,324173,26.46,0.2243153601884842
3,324482,8.5,0.0057370001450181
3,324541,7.94,-0.0222262144088745
3,324632,5.93,-0.0317636094987392
3,324784,1.84,-0.130005195736885
3,324991,34.51,0.2556360065937042
3,325003,12.29,0.0205014757812023
3,326497,4.44,-0.0785301551222801
3,326767,8.72,0.0007478352636098
3,327260,0.0,-0.0362958759069442
3,327911,17.27,0.110146440565586
3,328900,18.74,0.1322417259216308
3,330969,0.0,-0.0546820349991321
3,331501,21.19,0.1434014290571212
3,331660,28.11,0.2217151671648025
3,331821,1.35,-0.1110518649220466
3,331990,7.92,-0.0125974426046013
3,332418,10.94,0.0219442807137966
3,332746,11.38,0.0436642803251743
3,332945,24.08,0.1713337451219558
3,333066,9.01,0.0185660179704427
3,333143,14.31,0.0808675959706306
3,333192,1.45,-0.1056529209017753
3,333245,0.0,-0.0661328434944152
3,333313,15.32,0.1206869259476661
3,333850,17.81,0.1578098237514495
3,334457,14.11,0.0900947451591491
3,334674,22.85,0.1536713987588882
3,334881,4.89,-0.0453002303838729
3,334952,10.17,0.0292019955813884
3,335070,5.2,-0.0463082790374755
3,336399,8.38,-0.0073854741640388
3,336530,10.29,0.0820072516798973
3,336801,4.48,-0.0720221102237701
3,337642,0.0,-0.0495216473937034
3,337755,9.14,-0.0024783387780189
3,337938,15.53,0.1051011607050895
3,337977,0.0,-0.1247378587722778
3,338030,12.64,0.0989629626274108
3,338359,11.32,0.0124871395528316
3,338497,0.0,-0.0591779202222824
3,338572,0.0,-0.0236007999628782
3,338792,4.91,-0.0662490129470825
3,339710,0.0,-0.0772019475698471
3,339727,24.32,0.2102254927158355
3,341127,0.0,-0.0707104131579399
3,341749,15.99,0.1236099675297737
3,342275,8.35,-0.0049824058078229
3,342420,17.33,0.116583339869976
3,342755,2.26,-0.1130801737308502
3,342757,0.0,-0.0563869215548038
3,343030,0.0,-0.0717397183179855
3,343950,13.6,0.1090166047215461
3,344604,14.55,0.0815234407782554
3,345255,1.88,-0.0940972790122032
3,345986,9.0,-0.000277394632576
3,346532,0.0,-0.0810661315917968
3,347755,4.76,-0.0595963858067989
3,347895,0.0,-0.0598899312317371
3,348383,19.39,0.1239869594573974
3,349476,11.82,0.0125025669112801
3,349759,8.98,-0.0076662423089146
3,349855,1.41,-0.1078309044241905
3,350334,4.4,-0.0568668022751808
3,350543,2.9,-0.0964838713407516
3,350829,4.28,-0.0590192936360836
3,350846,0.0,-0.0281585622578859
3,351352,0.0,-0.0670148655772209
3,351981,11.03,0.0358856096863746
3,352181,13.26,0.1170949265360832
3,352361,0.0,-0.019277174025774
3,352595,2.97,-0.0838470384478569
3,352791,12.19,0.0338062867522239
3,353350,18.0,0.1160070523619651
3,353434,4.59,-0.0522516071796417
3,354255,2.15,-0.1190047338604927
3,354802,0.0,-0.0317039228975772
3,355413,0.0,-0.0435925424098968
3,356510,4.1,-0.0621701031923294
3,356628,10.38,0.0285382010042667
3,356945,16.4,0.1216397807002067
3,357887,6.27,-0.0341521315276622
3,358187,0.0,-0.071857213973999
3,358472,8.15,-0.0253813900053501
3,358497,12.49,0.092308685183525
3,359417,0.0,-0.0607814006507396
3,360446,52.72,0.2382600605487823
3,360559,6.18,-0.0412544906139373
3,361266,0.0,-0.0913395583629608
3,361278,3.71,-0.0853003486990928
3,361648,24.98,0.1813895255327224
3,361810,0.0,-0.0444159731268882
3,362003,5.21,-0.0601925812661647
3,362559,6.88,-0.0190920885652303
3,363311,0.0,-0.0344720594584941
3,364491,2.18,-0.0911430940032005
3,365140,0.0,-0.0520812273025512
3,365368,0.0,-0.069001667201519
3,365629,4.05,-0.0802935734391212
3,366005,2.76,-0.117978312075138
3,367080,5.07,-0.0575876757502555
3,367154,3.48,-0.081571064889431
3,367169,1.25,-0.13638436794281
3,368032,7.99,-0.0151074361056089
3,368243,1.06,-0.118467167019844
3,369403,21.15,0.1061211302876472
3,369511,4.64,-0.0602901950478553
3,369680,7.33,-0.0184734296053648
3,370459,8.21,-0.0205392260104417
3,370618,20.33,0.1127886101603508
3,371044,28.51,0.1814461201429367
3,371252,13.31,0.1125169321894645
3,371894,9.5,0.0102019598707556
3,372106,20.34,0.1201261654496193
3,372247,7.28,-0.0210700053721666
3,372438,0.0,-0.059559728950262
3,372557,1.31,-0.1262173354625702
3,372655,6.08,-0.0355199426412582
3,372689,7.2,-0.0078420965000987
3,373033,0.0,-0.0668519362807273
3,373132,0.0,-0.0697893649339675
3,373464,3.3,-0.0851984992623329
3,373876,12.85,0.1159019619226455
3,374029,12.93,0.1498708426952362
3,374313,28.87,0.2464289367198944
3,374531,17.31,0.1685796976089477
3,374648,18.35,0.1747841835021972
3,374793,4.36,-0.0651115328073501
3,374977,6.7,-0.0291247311979532
3,376024,7.38,-0.0283721033483743
3,376189,43.92,0.2355949282646179
3,376539,0.0,-0.0274632517248392
3,376637,4.59,-0.0559317544102668
3,376996,10.7,0.0352262109518051
3,377874,4.74,-0.0736581906676292
3,378235,25.3,0.210366815328598
3,378464,8.96,0.0134757943451404
3,378494,0.0,-0.0257390923798084
3,378859,2.87,-0.0880702510476112
3,378939,0.0,-0.0717513784766197
3,379136,0.0,-0.0473042763769626
3,379163,5.3,-0.0681775137782096
3,379244,8.99,0.0182148665189743
3,379373,0.0,-0.0420894771814346
3,379701,0.0,-0.0294431839138269
3,381146,11.44,0.0445809960365295
3,381900,7.1,-0.0082456413656473
3,382725,11.27,0.0606104359030723
3,382785,10.7,0.0325879231095314
3,383202,64.81,0.2594770491123199
3,383204,2.4,-0.0752422213554382
3,383661,21.41,0.1117807477712631
3,384269,5.04,-0.0597110353410244
3,384399,13.95,0.117125354707241
3,384593,27.9,0.2110587209463119
3,384612,0.0,-0.069384716451168
3,385124,3.03,-0.0825661942362785
3,385414,6.77,-0.0166358165442943
3,385482,7.2,-0.0241156239062547
3,385831,3.05,-0.101966455578804
3,386053,6.97,-0.0238277893513441
3,386956,38.31,0.2048536837100982
3,387156,26.81,0.2095493078231811
3,387437,9.04,0.0159424655139446
3,387624,7.15,-0.0305683780461549
3,388159,19.86,0.080511137843132
3,388340,5.81,-0.0254342202097177
3,389734,8.22,-0.0248592887073755
3,390275,5.0,-0.0679511278867721
3,391005,0.0,-0.0559523962438106
3,391098,0.0,-0.0371013209223747
3,391213,5.39,-0.0631967410445213
3,391214,11.36,0.0458176359534263
3,391345,7.81,-0.0178821831941604
3,391908,20.47,0.1287626475095749
3,392390,2.63,-0.1048338860273361
3,392660,14.53,0.1219394505023956
3,392843,0.0,-0.0332914926111698
3,393039,18.31,0.0878717228770256
3,393711,3.44,-0.0963770151138305
3,393815,23.87,0.1357709467411041
3,393913,3.71,-0.0943044051527977
3,393961,38.17,0.2663845419883728
3,394053,0.0,-0.0893059074878692
3,394145,0.0,-0.0657073110342025
3,394198,0.98,-0.0982281118631362
3,394228,3.78,-0.0922252684831619
3,394274,8.77,0.0032564890570938
3,394435,7.64,-0.0238026846200227
3,394987,0.0,-0.0174145847558975
3,396316,0.0,-0.0544261969625949
3,396789,14.51,0.091719701886177
3,397015,12.46,0.0544042475521564
3,397100,0.0,-0.073414497077465
3,397418,14.04,0.0959038212895393
3,397733,3.11,-0.0872901529073715
3,397970,19.78,0.1022119745612144
3,398540,29.96,0.2204145342111587
3,399665,0.0,-0.0667302459478378
3,400032,11.24,0.0674865990877151
3,400059,6.94,-0.0123986657708883
3,400135,0.96,-0.1450654119253158
3,400646,0.0,-0.0763484090566635
3,400700,1.76,-0.1084414944052696
3,401353,5.79,-0.0266330689191818
3,402318,5.02,-0.0518581122159957
3,402637,7.21,-0.0183633882552385
3,403405,35.54,0.1800156235694885
3,403487,13.73,0.1528587937355041
3,403707,16.86,0.1564881354570388
3,403817,2.02,-0.0958242788910865
3,404222,7.08,-0.011442095041275
3,405404,5.87,-0.0209399219602346
3,405533,6.91,-0.0276500675827264
3,405557,8.43,-0.0025524881202727
3,406988,8.15,-0.0323562659323215
3,407428,7.22,-0.0256380047649145
3,407858,27.87,0.2056818604469299
3,408026,1.28,-0.0995270162820816
3,408565,6.18,-0.0303068775683641
3,409332,5.46,-0.0551500655710697
3,410721,0.0,-0.0208929367363452
3,410725,10.82,0.0534053817391395
3,413185,3.77,-0.0484008751809597
3,413542,0.0,-0.0612208284437656
3,413884,18.52,0.1146130934357643
3,414579,9.13,-0.0008768140687607
3,415032,26.34,0.2332669496536255
3,415293,3.32,-0.080704890191555
3,415627,12.96,0.1003362461924552
3,415884,0.0,-0.052856296300888
3,416172,1.2,-0.085515946149826
3,417158,9.24,0.0245192181318998
3,418028,11.55,0.0463052503764629
3,418132,10.28,0.0699993968009948
3,418746,39.37,0.1718192845582962
3,419089,0.0,-0.0619149580597877
3,419389,8.37,-0.0146503439173102
3,419885,7.8,-0.0254526659846305
3,419980,71.16,0.2362473607063293
3,420155,0.0,-0.0463055409491062
3,420219,27.22,0.1772023290395736
3,420648,22.37,0.1323936730623245
3,420999,17.68,0.1208366081118583
3,421092,12.18,0.0249317791312932
3,421105,20.58,0.0958682596683502
3,421391,0.0,-0.0603315010666847
3,421516,8.03,-0.0182161033153533
3,421691,8.79,0.00414928374812
3,421831,0.0,-0.0883517041802406
3,422464,17.9,0.1170302927494049
3,422563,15.99,0.1534263640642166
3,422620,7.05,-0.0241557322442531
3,422899,0.9,-0.1221139505505561
3,423459,6.68,-0.020793467760086
3,424405,17.62,0.1222271397709846
3,424620,17.76,0.0843357667326927
3,426514,0.0,-0.0488509871065616
3,426715,18.82,0.109646238386631
3,427006,4.81,-0.0670179054141044
3,427388,9.54,0.0002793763414956
3,427919,7.33,-0.0118130482733249
3,428425,4.74,-0.0375452972948551
3,428626,5.14,-0.0553755313158035
3,428661,26.67,0.1963811814785003
3,429081,6.08,-0.0366908721625804
3,429089,0.0,-0.0325203277170658
3,429258,2.02,-0.1361769288778305
3,429275,17.83,0.1518521308898925
3,429359,0.0,-0.0514004155993461
3,431615,0.0,-0.0447651259601116
3,432175,7.51,-0.0240956414490938
3,432516,7.81,-0.028410380706191
3,432527,0.0,-0.0570254325866699
3,432619,5.27,-0.0519354678690433
3,432721,0.0,-0.0183741673827171
3,433213,0.0,-0.0678491666913032
3,434132,8.49,0.000839915650431
3,434218,17.47,0.068753033876419
3,434519,4.01,-0.0550504736602306
3,435124,20.13,0.1156281232833862
3,436912,13.72,0.095766082406044
3,437168,21.16,0.1135385259985923
3,437639,7.72,-0.0266030337661504
3,437782,0.0,-0.0788739249110221
3,437909,31.93,0.207781434059143
3,438152,6.31,-0.0332663208246231
3,438469,11.07,0.0567023865878582
3,439081,13.74,0.092786505818367
3,439193,2.92,-0.0914690643548965
3,439619,8.67,0.0012110527604818
3,440051,6.98,-0.0203421618789434
3,440071,20.27,0.0852360501885414
3,440521,19.67,0.1381580978631973
3,440947,15.88,0.0931518599390983
3,441083,0.0,-0.0686745420098304
3,441318,2.2,-0.1205388009548187
3,441724,2.99,-0.1000737696886062
3,441766,13.78,0.090145468711853
3,442079,0.0,-0.0763484090566635
3,442112,6.62,-0.0299773011356592
3,442186,3.7,-0.0968370735645294
3,442672,18.5,0.129024401307106
3,443185,0.0,-0.0346809178590774
3,443206,1.33,-0.084381453692913
3,443244,1.36,-0.1437423825263977
3,443394,0.0,-0.0812778696417808
3,443531,0.0,-0.0508541390299797
3,443920,0.0,-0.0686503946781158
3,444115,13.13,0.1433150470256805
3,444665,46.8,0.1975725293159485
3,444795,0.0,-0.052774041891098
3,445242,5.43,-0.0647555068135261
3,445249,7.69,-0.0182341299951076
3,445496,15.79,0.1176231354475021
3,445760,0.0,-0.0592929385602474
3,445852,4.01,-0.0517773255705833
3,446132,7.89,-0.0251877084374427
3,446284,13.34,0.1084431484341621
3,446682,6.43,-0.028737012296915
3,446785,5.29,-0.0457969456911087
3,446932,0.0,-0.0669559612870216
3,447022,19.49,0.1527672559022903
3,450559,30.05,0.2585503756999969
3,452423,0.0,-0.0518370792269706
3,453449,25.0,0.1436609029769897
3,453889,3.56,-0.0798953473567962
3,453929,21.6,0.1275424212217331
3,453997,0.0,-0.074537880718708
3,454204,0.0,-0.0586792379617691
3,454431,2.6,-0.0820792987942695
3,454571,5.36,-0.062103021889925
3,454948,1.71,-0.0771090611815452
3,455423,0.0,-0.0582741685211658
3,455992,6.67,-0.0352964326739311
3,456129,2.86,-0.1002426370978355
3,456654,4.64,-0.0657462328672409
3,456851,6.19,-0.0327471680939197
3,457816,1.72,-0.0971951857209205
3,457897,6.49,-0.0235854089260101
3,457921,14.64,0.1231411844491958
3,458209,21.43,0.1019430682063102
3,458564,13.57,0.0906479060649871
3,459191,9.45,0.0215686075389385
3,460711,15.43,0.1030988916754722
3,461019,11.72,0.0330345779657363
3,461037,12.57,0.1008134558796882
3,461231,9.97,-0.0039360183291137
3,461464,2.29,-0.1141921356320381
3,461870,1.8,-0.0955790430307388
3,462163,2.19,-0.109009213745594
3,463434,27.86,0.1856934279203415
3,463806,28.49,0.1749183535575866
3,464012,0.0,-0.0392199717462062
3,464724,0.0,-0.0477681197226047
3,465454,3.26,-0.1178412809967994
3,465643,5.08,-0.0631099417805671
3,465803,3.19,-0.1195241659879684
3,466725,10.54,0.0222276803106069
3,467265,10.25,0.0463538467884063
3,468742,3.22,-0.1098904758691787
3,468867,0.0,-0.0730820447206497
3,469402,0.0,-0.0599865950644016
3,470139,0.0,-0.0807611644268035
3,470195,5.21,-0.0588996075093746
3,471239,2.8,-0.1269981414079666
3,471310,3.46,-0.1162602975964546
3,471449,0.0,-0.0763484090566635
3,471567,10.72,0.0374943204224109
3,471601,0.0,-0.0695658177137374
3,471718,4.18,-0.0759457498788833
3,473845,3.0,-0.0839624404907226
3,474086,7.52,-0.0305304750800132
3,475474,0.0,-0.0458545573055744
3,476025,10.82,0.0479306578636169
3,476191,9.11,0.0101184835657477
3,476355,5.76,-0.023175423964858
3,476463,5.88,-0.0194695480167865
3,476870,0.0,-0.065463975071907
3,477164,27.12,0.2345149368047714
3,477880,19.48,0.1229722425341606
3,478910,0.0,-0.0444736443459987
3,479134,28.12,0.2179865092039108
3,479407,10.29,0.0458538383245468
3,479952,0.0,-0.0426862947642803
3,480488,39.8,0.2205188423395156
3,481407,4.56,-0.0625176727771759
3,481840,21.28,0.1646383106708526
3,481852,13.0,0.1445686668157577
3,482348,3.02,-0.0923703387379646
3,482553,2.25,-0.1081809923052787
3,482824,4.19,-0.0675905793905258
3,482893,9.71,-0.0011834225151687
3,483631,0.0,-0.0706635788083076
3,484075,0.0,-0.0564603917300701
3,484446,10.82,0.0222597364336252
3,484560,2.12,-0.0840313211083412
3,486280,0.0,-0.0748728662729263
3,486488,10.71,-0.0065586846321821
3,486790,18.25,0.0833738818764686
3,487070,0.0,-0.0743011161684989
3,487317,5.59,-0.0568246841430664
3,487601,0.0,-0.0433949939906597
3,488018,16.75,0.0973592922091484
3,490983,29.61,0.2348882108926773
3,491035,7.38,-0.0190122369676828
3,491487,14.22,0.1149850711226463
3,492208,2.75,-0.1119989901781082
3,492885,0.0,-0.0733023807406425
3,493313,0.0,0.0159755982458591
3,493726,0.0,-0.0511312112212181
3,493963,0.0,-0.0722882077097892
3,494189,11.43,0.0333841778337955
3,494636,0.0,-0.0705563277006149
3,494930,0.0,-0.0641803368926048
3,495754,12.43,0.0430694445967674
3,496685,1.36,-0.0857029855251312
3,496981,14.37,0.1048334538936615
3,497268,12.82,0.1100090816617012
3,497274,5.49,-0.0581791549921035
3,497702,2.42,-0.116181805729866
3,498228,9.52,-0.0099659543484449
3,498364,0.0,-0.0502195730805397
3,498465,10.22,0.0313045717775821
3,498715,26.85,0.2107887715101242
3,499042,0.0,-0.0464542470872402
3,499719,26.74,0.1441665440797805
3,501058,6.23,-0.0160825494676828
3,501406,15.23,0.1238157227635383
3,501604,4.75,-0.059192307293415
3,501718,1.81,-0.1122722774744033
3,502021,5.84,-0.0330021455883979
3,502422,0.0,-0.0644125342369079
3,502941,0.0,-0.0575112886726856
3,502994,8.0,-0.0403254367411136
3,503035,0.0,-0.0685003921389579
3,503984,22.77,0.1723520457744598
3,504085,6.66,-0.0374827086925506
3,504455,0.36,-0.1479628980159759
3,505361,24.21,0.1492594480514526
3,505988,6.06,-0.0335961617529392
3,506088,7.08,-0.0335563421249389
3,506095,0.0,-0.0210911352187395
3,506217,3.99,-0.0698580369353294
3,506281,3.42,-0.0636995434761047
3,506362,23.64,0.2087213099002838
3,506584,5.08,-0.0527268163859844
3,506691,2.03,-0.1195834800601005
3,507044,16.91,0.1409488767385482
3,507140,0.0,-0.0784616768360138
3,507390,4.99,-0.0603105165064334
3,507830,3.45,-0.0827554985880851
3,508476,1.72,-0.1078501865267753
3,508894,0.0,-0.0533743537962436
3,509113,4.04,-0.0641385316848754
3,509293,14.12,0.0963175222277641
3,509460,0.0,-0.0398408845067024
3,509551,6.27,-0.0310985781252384
3,509594,5.43,-0.0442542433738708
3,509742,0.0,-0.0428880713880062
3,511466,12.67,0.1763816922903061
3,512212,6.4,-0.0290565341711044
3,512554,0.0,-0.0855421125888824
3,513801,11.78,0.0518701635301113
3,514009,13.46,0.1067760288715362
3,515381,14.73,0.1084474176168441
3,515501,17.45,0.1333317309617996
3,515627,6.04,-0.0208113379776477
3,515843,0.0,-0.0540896840393543
3,516030,0.0,-0.0579091235995292
3,516111,6.71,-0.0334848426282405
3,516662,10.16,0.054099928587675
3,516965,8.22,-0.0206912867724895
3,517052,4.57,-0.0710058137774467
3,517126,2.5,-0.0832552760839462
3,517255,0.0,-0.0832605138421058
3,517746,32.32,0.1971751600503921
3,518776,0.0,-0.0665201470255851
3,520589,7.24,-0.0160180740058422
3,520795,4.21,-0.046446792781353
3,521094,11.92,0.0326076038181781
3,521729,5.96,-0.0313609689474105
3,521857,0.0,-0.0708867982029914
3,522462,0.0,-0.1241240948438644
3,522969,23.41,0.1655359715223312
3,523628,11.27,0.0359630212187767
3,523714,0.0,-0.0684518963098526
3,523913,4.22,-0.0578099079430103
3,524356,8.41,-0.0215128827840089
3,525419,5.88,-0.0382816717028617
3,525550,25.57,0.2472820430994033
3,525625,0.0,-0.0486677624285221
3,525822,8.67,-0.0021725778933614
3,526201,4.07,-0.0564711056649684
3,527143,7.93,-0.0167787447571754
3,527151,0.0,-0.0766913816332817
3,527698,1.41,-0.1141809374094009
3,528055,2.27,-0.0844407528638839
3,528233,4.33,-0.0502020940184593
3,528626,14.56,0.09307761490345
3,529370,0.0,-0.0437434874475002
3,529378,11.26,0.0569005869328975
3,530600,24.36,0.1136185526847839
3,530748,0.0,-0.0955876633524894
3,531884,15.72,0.1510900855064392
3,532171,8.45,-0.0003880520234815
3,532542,13.24,0.0986140295863151
3,532850,0.52,-0.1263192445039749
3,532956,7.43,-0.0149551443755626
3,533261,0.0,-0.0573108866810798
3,533648,5.11,-0.0349857918918132
3,534166,4.93,-0.0686703100800514
3,534417,0.91,-0.1145521998405456
3,534668,7.45,-0.0231638401746749
3,535191,35.46,0.1363768875598907
3,535453,3.23,-0.1179214492440223
3,535477,6.77,-0.0330207720398902
3,535762,0.0,-0.050907839089632
3,536791,24.15,0.1244783401489257
3,537959,13.07,0.1073873564600944
3,538130,5.75,-0.0327521078288555
3,538236,6.9,-0.032011192291975
3,538699,0.0,-0.0763484090566635
3,539006,4.37,-0.0590170696377754
3,539426,11.6,0.0468426905572414
3,539486,21.67,0.1227941662073135
3,539527,5.5,-0.062177300453186
3,539836,3.05,-0.1091089099645614
3,540755,0.0,-0.0887728556990623
3,540765,5.94,-0.0427068993449211
3,541083,0.0,-0.0763484090566635
3,541750,21.42,0.1123144105076789
3,541998,2.59,-0.0763072520494461
3,543005,7.52,-0.015480357222259
3,543197,0.0,-0.0391832366585731
3,543251,0.0,-0.0530125014483928
3,543576,13.85,0.1338388174772262
3,544472,9.13,-0.013913357630372
3,544527,2.8,-0.090012788772583
3,545032,62.5,0.2719792425632477
3,545864,3.05,-0.0461063794791698
3,545965,5.75,-0.0333553776144981
3,546437,3.48,-0.0996306836605072
3,546891,33.39,0.2084099054336547
3,547222,0.0,-0.0570891164243221
3,548132,13.5,0.0723765715956687
3,548141,5.85,-0.0277611892670393
3,548476,8.9,0.0115325367078185
3,548580,19.16,0.0844978541135788
3,548700,0.0,-0.0550040490925312
3,548850,0.0,-0.0406871549785137
3,548920,0.0,-0.0416209697723388
3,548942,14.62,0.1216780170798301
3,550034,3.97,-0.0742815807461738
3,550133,3.37,-0.1013211980462074
3,550445,91.28,0.3167040646076202
3,550756,8.32,-0.0198781136423349
3,551157,14.51,0.0635957270860672
3,551280,11.3,0.0615740530192852
3,552381,0.0,-0.0560172125697135
3,552385,0.0,-0.0385385230183601
3,553318,14.03,0.1097701862454414
3,555128,5.2,-0.0514119304716587
3,555322,14.47,0.0771398171782493
3,555627,0.0,-0.0381007231771945
3,555643,8.24,-0.0121721904724836
3,556094,31.25,0.1911350637674331
3,556310,7.26,-0.0282020103186368
3,556403,0.0,-0.0382545180618763
3,558067,0.0,-0.0720052421092987
3,559133,19.26,0.1357675045728683
3,559144,13.86,0.0572659820318222
3,559904,15.38,0.1676302701234817
3,561107,17.16,0.103400282561779
3,561112,5.67,-0.041806012392044
3,561706,4.09,-0.083419069647789
3,561852,15.54,0.1219765469431877
3,562256,1.96,-0.0947173088788986
3,562653,21.77,0.0880760923027992
3,562761,7.4,-0.0183168444782495
3,562952,12.82,0.1304648071527481
3,563994,19.27,0.0850704982876777
3,564161,9.35,0.0081949168816208
3,564459,5.14,-0.0570095479488372
3,564962,4.91,-0.0697649866342544
3,565199,58.25,0.2571973800659179
3,565308,4.82,-0.0683960616588592
3,565808,6.54,-0.0281822495162487
3,565964,0.0,-0.0661477819085121
3,566020,0.0,-0.0438280329108238
3,566026,7.06,-0.0287552028894424
3,566950,0.0,-0.0387010984122753
3,567060,12.76,0.0412134006619453
3,568103,0.88,-0.1362580209970474
3,568926,2.69,-0.0833671241998672
3,569826,3.35,-0.0771375223994255
3,570543,4.99,-0.0510937236249446
3,571699,10.47,0.0459659807384014
3,571998,9.02,0.0193472877144813
3,572701,0.0,-0.0553871542215347
3,573119,21.29,0.1167078092694282
3,573462,0.0,-0.0579535253345966
3,573747,12.58,0.1407070010900497
3,574057,3.68,-0.0620807260274887
3,574934,18.69,0.0848816186189651
3,575214,0.0,-0.0717713609337806
3,575509,4.68,-0.0689010620117187
3,575762,9.63,-0.0092081567272543
3,575966,0.0,-0.06614700704813
3,576210,0.0,-0.0162272471934556
3,576572,7.0,-0.034688800573349
3,577483,8.22,-0.0092862145975232
3,577592,8.66,-0.0068228659220039
3,577635,5.19,-0.0619849190115928
3,579747,0.0,-0.0332624539732933
3,579793,0.0,-0.0467167310416698
3,580979,1.18,-0.1185331493616104
3,581501,11.39,0.0516992323100566
3,581843,9.73,0.0041606533341109
3,583065,0.0,-0.0540287755429744
3,583373,6.64,-0.026628028601408
3,584455,6.98,-0.0098773958161473
3,585324,13.7,0.0688845515251159
3,585653,31.85,0.1557065099477768
3,586121,0.0,-0.0676096901297569
3,587007,11.02,0.078595258295536
3,587220,3.53,-0.0832099169492721
3,587457,1.95,-0.1260118782520294
3,587551,0.0,-0.0623223856091499
3,587901,17.92,0.1001221537590026
3,588514,30.9,0.1904734373092651
3,589640,12.01,0.0531830638647079
3,589854,28.17,0.2653315961360931
3,590405,0.0,-0.0575384683907032
3,590441,19.91,0.0683254152536392
3,591171,8.96,0.0037245657294988
3,591382,9.95,-0.0021527104545384
3,592135,16.8,0.1528466492891311
3,592283,11.16,0.042844470590353
3,592315,47.01,0.2017631828784942
3,592964,3.36,-0.062715858221054
3,594159,0.0,-0.0537682548165321
3,594897,34.67,0.1822395324707031
3,595694,1.91,-0.1182662099599838
3,596582,11.44,0.0120662488043308
3,596795,0.0,-0.0781522542238235
3,597229,0.0,-0.07380161434412
3,598115,1.42,-0.09674584120512
3,598235,8.57,0.0082952631637454
3,598325,0.0,-0.0746549740433693
3,598483,0.0,-0.077374443411827
3,598777,10.04,0.0248148757964372
3,598862,0.0,-0.0802468061447143
3,599053,0.0,-0.0695108994841575
3,599640,0.0,-0.0492358170449733
3,599977,0.0,-0.0820673927664756
3,600752,14.33,0.1356233954429626
3,600952,16.82,0.1521674692630767
3,601058,23.04,0.198810800909996
3,602369,3.06,-0.0858026072382927
3,602680,0.0,-0.0666423290967941
3,602810,17.54,0.0900635868310928
3,602942,14.1,0.0756087675690651
3,602971,0.0,-0.0514511428773403
3,603045,47.85,0.228678822517395
3,603663,6.6,-0.0179164707660675
3,603678,14.03,0.0816912353038787
3,604303,10.84,0.0327451303601264
3,604334,4.1,-0.0497240386903286
3,604556,8.14,-0.0121707506477832
3,604897,15.61,0.0994543135166168
3,605474,26.76,0.2391377091407776
3,605511,0.61,-0.1254335641860962
3,606543,3.45,-0.0844605714082717
3,606765,11.03,0.0308097787201404
3,607878,5.32,-0.0622885152697563
3,608030,11.77,0.0683936178684234
3,608395,3.63,-0.0955848172307014
3,608568,6.08,-0.0291371699422597
3,608854,1.68,-0.088515818119049
3,609194,29.09,0.1678847670555114
3,609792,0.0,-0.089106947183609
3,610635,11.67,0.0728391110897064
3,612082,10.27,0.0234201923012733
3,612546,15.26,0.1378125101327896
3,612594,0.0,-0.0553530603647232
3,612858,0.0,-0.0759741589426994
3,613058,15.01,0.1535300016403198
3,613817,7.56,-0.0272934306412935
3,615005,4.0,-0.072489432990551
3,615016,15.31,0.0731777995824813
3,615372,6.69,-0.0263494290411472
3,615635,13.71,0.1200668215751648
3,615977,14.99,0.1149344220757484
3,616075,0.0,-0.0578119605779647
3,616186,0.0,-0.0589291527867317
3,616395,5.35,-0.0549735017120838
3,616931,3.9,-0.0507091097533702
3,617848,13.81,0.1379605531692505
3,617959,23.56,0.2049656510353088
3,617985,0.0,-0.0717784240841865
3,618399,17.28,0.1048778891563415
3,618461,26.13,0.20615154504776
3,618651,4.66,-0.0677963197231292
3,619089,0.0,-0.0750561878085136
3,619131,2.76,-0.1110499948263168
3,619137,17.83,0.1333386898040771
3,620075,0.0,-0.0730511099100112
3,620578,10.44,0.0430416874587535
3,620589,5.64,-0.0357174314558506
3,620592,0.0,-0.0938162431120872
3,621258,2.41,-0.1072167679667472
3,621415,3.74,-0.0917536169290542
3,621464,0.0,-0.0782477855682373
3,621604,15.48,0.1654667407274246
3,621929,5.76,-0.0292956735938787
3,622173,9.83,0.0133613711223006
3,622238,6.28,-0.0343821309506893
3,622481,0.0,-0.0851924642920494
3,622529,8.56,-0.0043608583509922
3,622912,9.71,-0.0093798879534006
3,622937,6.87,-0.0341593474149704
3,624104,6.36,-0.0301037412136793
3,625953,5.94,-0.0214850604534149
3,626118,0.0,-0.0687161833047866
3,626281,5.51,-0.0578241571784019
3,626983,3.13,-0.0851131454110145
3,627505,29.73,0.2162652015686035
3,627537,19.43,0.0986210778355598
3,628227,27.47,0.2166547328233719
3,628275,0.0,-0.0639317706227302
3,628492,4.5,-0.0478236488997936
3,629002,0.0,-0.0610590428113937
3,629389,5.93,-0.0196181293576955
3,629721,4.47,-0.0511649660766124
3,630060,0.0,-0.0367209427058696
3,631102,0.0,-0.0723076611757278
3,631912,0.93,-0.1308280825614929
3,631956,9.1,0.0182794500142335
3,632236,0.0,-0.0763484090566635
3,632324,0.0,-0.0517081730067729
3,633248,12.47,0.0868261009454727
3,634095,0.0,-0.0575727596879005
3,634753,7.18,-0.022061051800847
3,635304,0.0,-0.0521921105682849
3,635363,18.58,0.1155315265059471
3,635520,0.0,-0.0531320869922637
3,635661,8.42,-0.0203627422451972
3,637606,0.0,-0.0763484090566635
3,638357,0.0,-0.0431134849786758
3,638749,17.09,0.1225455030798912
3,639225,3.65,-0.090731605887413
3,639278,42.99,0.1607690155506134
3,639514,4.8,-0.0632920563220977
3,639536,30.77,0.151077389717102
3,640116,10.28,0.0317739583551883
3,640766,25.19,0.1289629340171814
3,640810,0.0,-0.0492589809000492
3,640883,8.16,-0.0382607318460941
3,640964,11.23,0.0452600382268428
3,642228,6.43,-0.0355791673064231
3,642849,1.0,-0.0931994169950485
3,643119,10.75,0.0466827116906642
3,643181,22.66,0.1614656448364257
3,643282,9.11,0.0028610480949282
3,644283,2.11,-0.114945188164711
3,644631,18.76,0.1333646327257156
3,644653,0.0,-0.0541113950312137
3,645626,0.0,-0.0486578792333602
3,645731,9.49,-0.0032487474381923
3,645858,8.07,-0.0300276894122362
3,645973,3.83,-0.0515922084450721
3,646179,0.97,-0.1206254512071609
3,647778,12.12,0.0059749125503003
3,648060,3.63,-0.0714894384145736
3,648121,2.52,-0.0960443839430809
3,648143,26.17,0.1775789409875869
3,648284,13.9,0.1567433327436447
3,648491,21.32,0.0940558984875679
3,649244,55.4,0.1996546536684036
3,649994,11.01,0.0338760018348693
3,650297,10.03,-0.0019432411063462
3,650699,5.64,-0.0317083187401294
3,650845,24.49,0.1568553149700164
3,651314,1.52,-0.1261780858039856
3,651492,2.41,-0.1159704849123954
3,651691,9.87,0.0023129880428314
3,651836,2.6,-0.0987626686692237
3,652599,10.49,0.0360446944832801
3,653053,16.5,0.1051995679736137
3,653746,7.6,-0.0172090660780668
3,653815,7.21,-0.0228934902697801
3,654234,8.54,-0.0054568322375416
3,654479,0.0,-0.107825867831707
3,654931,24.9,0.2085257023572921
3,655361,6.73,-0.0199883114546537
3,655516,14.84,0.1052190139889717
3,656096,1.77,-0.1266254484653473
3,656167,0.0,-0.0514366514980793
3,656407,10.75,0.0353951752185821
3,657857,0.0,-0.0133258998394012
3,658386,4.77,-0.0517863668501377
3,658620,0.0,0.0068792095407843
3,658820,13.68,0.0702745392918586
3,659054,4.59,-0.0606453754007816
3,660161,7.17,-0.0144674377515912
3,660317,8.82,-0.0091807469725608
3,660473,0.0,-0.0456493124365806
3,660534,0.0,-0.0632600560784339
3,660981,13.68,0.1348040997982025
3,661355,2.94,-0.1047406867146492
3,662599,7.38,-0.0190835893154144
3,662720,1.98,-0.1132995411753654
3,663192,1.74,-0.0674205347895622
3,663648,18.0,0.1104065105319023
3,663870,8.34,-0.0115964068099856
3,664147,3.71,-0.0555609092116355
3,664286,0.0,-0.0763484090566635
3,664517,0.0,-0.0466247648000717
3,665606,0.0,-0.0472108200192451
3,665669,6.3,-0.0319288372993469
3,667140,26.01,0.1824994832277298
3,667909,30.86,0.1643612086772918
3,668641,0.0,-0.0585744976997375
3,668799,0.0,-0.0816335454583168
3,668957,11.43,0.074595920741558
3,669011,8.74,-0.0071886400692164
3,669979,0.0,-0.0852139294147491
3,670589,1.15,-0.1191124469041824
3,671783,11.8,0.0381124503910541
3,672562,10.45,0.0260822996497154
3,672673,8.76,-0.0082296207547187
3,673293,3.79,-0.0799535065889358
3,673456,11.81,0.0394179448485374
3,674101,1.19,-0.1317065954208374
3,674338,19.37,0.1178207620978355
3,674762,9.02,0.0180354956537485
3,675377,0.0,-0.046379879117012
3,676215,5.07,-0.0538696125149726
3,676823,3.77,-0.0840139612555503
3,677279,10.16,0.0166023317724466
3,677619,2.02,-0.1159276589751243
3,677706,0.0,-0.0607596635818481
3,677861,0.0,-0.0675986409187316
3,677920,11.83,0.0381196625530719
3,677973,0.0,-0.0308917704969644
3,678444,14.51,0.0960844233632087
3,678795,0.0,-0.1060035675764083
3,678876,7.91,-0.0243882201611995
3,679700,1.08,-0.1059159561991691
3,680255,8.9,0.0228488910943269
3,682056,5.0,-0.0634099394083023
3,682062,11.25,0.0293779261410236
3,682121,6.51,-0.0251998342573642
3,682584,35.72,0.2148559242486953
3,682945,15.34,0.0839885845780372
3,684786,0.0,-0.0431844145059585
3,686136,9.21,-0.004818731918931
3,686328,11.59,0.0393356084823608
3,686430,8.81,-0.0021152410190552
3,686854,2.38,-0.1144323647022247
3,687075,1.48,-0.1326623558998108
3,687311,0.0,-0.0604627467691898
3,687313,7.19,-0.0066355965100228
3,687612,0.0,-0.0924356803297996
3,689183,17.54,0.1322298496961593
3,690060,0.8,-0.1429681628942489
3,690251,0.0,-0.0257823653519153
3,690411,18.67,0.1088975965976715
3,691696,2.17,-0.0751892402768135
3,691787,0.0,-0.0569440014660358
3,691983,23.26,0.1384677588939666
3,692162,4.18,-0.064927764236927
3,692359,30.33,0.1842941492795944
3,693292,9.97,0.019228970631957
3,693442,3.01,-0.1006709635257721
3,693858,2.61,-0.1100639849901199
3,694427,0.0,-0.0871026366949081
3,694534,0.0,-0.0490125231444835
3,696277,50.06,0.1836193650960922
3,696548,13.73,0.1304615885019302
3,697446,15.43,0.1042262390255928
3,698214,4.51,-0.069380834698677
3,698663,5.77,-0.024493183940649
3,699650,1.1,-0.1095707863569259
3,700410,0.0,-0.0643822252750396
3,701197,4.92,-0.0714254230260849
3,701633,4.33,-0.055435124784708
3,702001,1.69,-0.0976906195282936
3,702239,6.68,-0.0426911190152168
3,703002,0.0,-0.0755257084965705
3,703528,0.0,-0.0451313070952892
3,703713,9.33,0.0036772147286683
3,704345,13.6,0.132633090019226
3,705250,0.0,-0.0572086870670318
3,705471,0.0,-0.0281031243503093
3,705565,0.0,-0.0690479353070259
3,706026,0.0,-0.0663095116615295
3,707162,33.0,0.1728483736515045
3,707708,0.0,-0.0674847960472107
3,707940,0.0,-0.0479348227381706
3,708436,22.52,0.1942145377397537
3,709612,13.77,0.1709280014038086
3,709710,3.48,-0.1115242093801498
3,709976,5.07,-0.056092619895935
3,710756,3.7,-0.0900187939405441
3,710833,15.81,0.102493055164814
3,710994,10.48,0.040907859802246
3,711864,3.06,-0.0833867266774177
3,712276,33.1,0.2265617251396179
3,713416,51.68,0.2270095646381378
3,713567,4.04,-0.0859973803162574
3,713684,0.65,-0.1158049553632736
3,713752,51.5,0.2389061599969864
3,714190,0.0,-0.0664572641253471
3,714692,9.94,0.0008350008865818
3,715070,43.72,0.1897140890359878
3,715611,0.0,-0.0532874874770641
3,715668,3.56,-0.0786841139197349
3,715892,2.75,-0.1333930045366287
3,717032,0.0,-0.0908303782343864
3,717100,2.97,-0.0924107208847999
3,718211,0.0,-0.0123793771490454
3,718659,6.57,-0.0339762233197689
3,718736,16.15,0.1409140825271606
3,718751,0.82,-0.1446416825056076
3,718753,39.64,0.2032949030399322
3,719149,3.03,-0.097888171672821
3,719278,20.62,0.1109130606055259
3,719570,21.91,0.1238232925534248
3,720170,4.6,-0.0604292079806327
3,720582,4.25,-0.0571206733584404
3,720739,0.0,-0.0626130774617195
3,721175,9.95,-0.0092089772224426
3,721223,3.65,-0.0907320454716682
3,722042,40.5,0.1874534487724304
3,722420,3.15,-0.0594355016946792
3,723364,43.56,0.2234969288110733
3,723463,4.74,-0.0713172778487205
3,723483,0.0,-0.0742660909891128
3,724062,0.0,-0.0712741091847419
3,725227,4.17,-0.0692326948046684
3,725407,3.76,-0.0913079753518104
3,725584,11.96,0.018200296908617
3,725641,30.71,0.2036464363336563
3,725765,0.0,-0.0608749985694885
3,726770,0.0,-0.0720039084553718
3,726914,0.0,-0.0779324620962143
3,727717,0.0,-0.054143127053976
3,728038,3.61,-0.0777130052447319
3,728688,2.04,-0.1262683570384979
3,728879,0.0,-0.0193478185683488
3,730158,7.65,-0.0244592726230621
3,731543,0.0,-0.0563139058649539
3,731604,24.24,0.1865207403898239
3,731918,0.0,-0.0813286677002906
3,732887,25.32,0.1772398203611374
3,732911,21.86,0.1595387458801269
3,733859,6.16,-0.0324605293571949
3,734083,22.52,0.1109015792608261
3,734329,21.65,0.1115305870771408
3,734380,0.0,-0.0629962831735611
3,734461,26.39,0.2098299711942672
3,734520,4.86,-0.0608237981796264
3,734889,0.0,-0.0814586728811264
3,735094,18.03,0.1441489309072494
3,735257,13.52,0.115785539150238
3,735440,304.57,0.1962876617908477
3,736112,0.0,-0.0602121911942958
3,736135,27.59,0.2015679478645324
3,737038,0.0,-0.0464012362062931
3,737938,1.4,-0.0855635404586792
3,738027,8.65,0.0115083269774913
3,738281,0.0,-0.0014097061939537
3,738466,5.2,-0.0457939617335796
3,738717,4.13,-0.0734296664595604
3,738814,16.37,0.1218239590525627
3,738982,0.0,-0.0506337583065032
3,739699,19.17,0.0990129187703132
3,740015,3.86,-0.0537103824317455
3,740121,2.59,-0.0807555243372917
3,740387,10.24,0.0435194782912731
3,741196,0.0,-0.0808745622634887
3,741809,3.41,-0.0898992270231247
3,741982,7.39,-0.0226443260908126
3,742113,0.0,-0.0799380540847778
3,743626,4.2,-0.0711793676018714
3,743875,58.82,0.2785295248031616
3,744058,44.44,0.1698537468910217
3,744367,0.86,-0.1206199377775192
3,744421,4.79,-0.0578634440898895
3,745096,3.72,-0.0618547648191452
3,745190,12.32,0.0546687543392181
3,745599,8.97,0.0089191263541579
3,745664,25.23,0.1858653724193573
3,746353,14.23,0.102203145623207
3,746551,15.58,0.0846065282821655
3,746673,12.91,0.130359262228012
3,746709,5.49,-0.0598789453506469
3,747735,1.84,-0.1174694001674652
3,748243,4.31,-0.0686652734875679
3,748592,8.97,-0.0032003901433199
3,749510,9.93,-0.0014919049572199
3,750222,0.0,-0.0763484090566635
3,750239,37.78,0.1633495539426803
3,751055,5.88,-0.0331282317638397
3,751093,0.0,-0.0388434827327728
3,751320,6.9,-0.0249089710414409
3,751454,1.69,-0.0889874696731567
3,752189,2.54,-0.0998455211520195
3,752811,4.94,-0.0431987792253494
3,753927,0.0,-0.0762300193309784
3,754441,4.9,-0.0691402405500412
3,754905,7.77,-0.0243863239884376
3,755090,0.0,-0.0664214491844177
3,755667,0.0,-0.0595910176634788
3,755723,11.63,0.0623943693935871
3,755883,20.45,0.1144432425498962
3,756363,0.0,-0.0520866997539997
3,756499,5.47,-0.0607807263731956
3,756959,0.0,-0.0763113796710968
3,757753,21.41,0.1233184561133384
3,758297,13.05,0.1485506743192672
3,758488,9.38,-0.0158397164195776
3,758494,49.02,0.149010956287384
3,759397,11.25,0.0547406561672687
3,759689,0.0,-0.0609115734696388
3,760217,31.07,0.2200896143913269
3,760302,0.0,-0.0788411721587181
3,760872,10.16,0.0719936192035675
3,760876,1.69,-0.1111876219511032
3,760984,12.73,0.0982335433363914
3,761647,0.0,-0.0658860430121421
3,761954,5.3,-0.0420829579234123
3,762581,2.26,-0.0997840091586113
3,762582,4.0,-0.0538654290139675
3,762731,3.69,-0.0616903491318225
3,762905,4.3,-0.0464037917554378
3,763672,7.21,-0.0112360408529639
3,763861,3.95,-0.0666286721825599
3,764110,54.6,0.2189363539218902
3,764984,17.33,0.1072435900568962
3,765075,5.95,-0.028894905000925
3,765386,24.31,0.1842209249734878
3,765604,9.62,0.0050465874373912
3,766377,1.42,-0.1006946563720703
3,767022,54.01,0.17982779443264
3,767110,11.72,0.0009712763712741
3,767192,8.42,-0.0126982247456908
3,767438,12.28,0.0515942238271236
3,768598,44.61,0.1931765228509903
3,768828,4.87,-0.0614456608891487
3,768915,3.41,-0.0764272138476371
3,769310,3.11,-0.0910646915435791
3,770504,0.0,-0.0452962704002857
3,770816,0.0,-0.0178733803331851
3,771365,0.0,-0.0428459048271179
3,771516,11.53,0.0378792025148868
3,771889,6.04,-0.0280167553573846
3,771950,4.12,-0.0642267242074012
3,772204,5.02,-0.0561643503606319
3,772497,5.09,-0.0618775710463523
3,772674,1.83,-0.122505284845829
3,773003,6.53,-0.0172675773501396
3,773313,0.0,-0.062387179583311
3,773733,0.0,-0.0517758317291736
3,773741,4.28,-0.0575386434793472
3,774000,3.2,-0.0732503682374954
3,774091,22.12,0.1956039667129516
3,775400,4.22,-0.0750703513622284
3,776531,13.35,0.0882395058870315
3,776859,3.58,-0.0746429041028022
3,776907,41.43,0.2200139015913009
3,777708,7.66,-0.0228402875363826
3,778055,0.0,-0.0358090884983539
3,778571,17.44,0.1048946231603622
3,778582,20.9,0.1364786624908447
3,778757,14.78,0.1742923855781555
3,779063,11.15,0.0638966262340545
3,779106,5.18,-0.0553934387862682
3,779351,0.0,-0.0408526472747325
3,779387,11.39,0.040582999587059
3,779976,0.0,-0.0533054247498512
3,780786,0.0,-0.0597990192472934
3,782107,26.41,0.2086090296506881
3,782163,3.66,-0.083245925605297
3,782800,5.78,-0.0354201197624206
3,783066,15.8,0.1230656132102012
3,783201,31.6,0.2313906699419021
3,783359,32.88,0.2020984888076782
3,783800,2.99,-0.0911217480897903
3,783857,13.03,0.1332242339849472
3,784048,28.55,0.2434955090284347
3,784756,1.93,-0.1076118424534797
3,785277,9.24,0.0133959148079156
3,785498,3.57,-0.0895730704069137
3,786100,0.0,-0.0683101639151573
3,786426,7.07,-0.0210135336965322
3,786532,0.0,-0.0697349607944488
3,786661,3.65,-0.0816089883446693
3,786705,0.0,-0.0716033205389976
3,787942,1.7,-0.1011185273528099
3,788039,33.9,0.2633567750453949
3,788233,0.0,-0.0190417952835559
3,788911,1.77,-0.1264225244522094
3,789504,20.52,0.1150573343038559
3,790127,14.2,0.1310293227434158
3,790798,10.5,0.0430568419396877
3,792296,30.53,0.2357365787029266
3,792477,9.61,0.016084024682641
3,792552,3.52,-0.0543313212692737
3,792589,12.1,0.0752642154693603
3,793817,4.46,-0.0477211289107799
3,793952,14.68,0.1484659016132354
3,794781,2.7,-0.1077781021595001
3,794986,0.0,-0.0651763826608657
3,795942,0.0,-0.0757879614830017
3,796386,4.21,-0.0697178542613983
3,796555,1.2,-0.1553126722574234
3,797177,7.69,-0.011374001391232
3,797775,4.4,-0.050110999494791
3,797919,6.27,-0.0275271292775869
3,798902,15.86,0.0723410323262214
3,799138,13.05,0.0590926893055439
3,799268,41.96,0.2031648010015487
3,799385,3.38,-0.0918663963675499
3,800008,0.0,-0.06614700704813
3,800092,50.76,0.2244648784399032
3,800406,0.0,-0.0566754788160324
3,801702,15.55,0.1043147444725036
3,802191,14.43,0.0839546397328376
3,802282,9.28,-0.0125699574127793
3,802490,0.0,-0.0749733671545982
3,803323,14.49,0.1062893867492675
3,804116,7.84,-0.018043540418148
3,804345,28.62,0.2320812940597534
3,804423,6.04,-0.0307437535375356
3,805795,0.0,-0.0697265863418579
3,806414,4.87,-0.0597593523561954
3,806523,6.52,-0.0263128504157066
3,806532,11.87,0.0343164466321468
3,806784,3.79,-0.07180717587471
3,806971,17.85,0.0999367833137512
3,807063,0.0,-0.0314403623342514
3,807279,3.83,-0.0840082764625549
3,808569,36.91,0.2259698510169983
3,808675,29.39,0.2373943030834198
3,808696,13.55,0.1272065490484237
3,810549,23.2,0.1265601962804794
3,810776,0.0,-0.0676831156015396
3,810980,0.0,-0.0567241683602333
3,811208,8.57,-0.0011943777790293
3,811341,1.22,-0.088682547211647
3,811543,6.77,-0.0179273393005132
3,814200,69.44,0.2904884219169616
3,814380,8.04,-0.0247540399432182
3,814455,0.0,-0.0838708356022834
3,814692,24.42,0.1651575565338134
3,814882,15.3,0.143992006778717
3,815202,6.68,-0.0292022712528705
3,815962,0.0,-0.0010255456436425
3,816185,7.37,-0.0301371607929468
3,816698,3.96,-0.0618049539625644
3,816771,20.0,0.1072364524006843
3,817082,2.92,-0.1121042966842651
3,817277,18.81,0.0853820815682411
3,817429,0.0,-0.0579062290489673
3,817683,7.45,-0.0199173782020807
3,817879,4.01,-0.0679662153124809
3,818217,0.0,-0.0678267255425453
3,819131,7.53,-0.0290306992828845
3,819443,7.99,-0.0082673300057649
3,820050,1.63,-0.10077515989542
3,820653,7.61,-0.0219923127442598
3,820717,5.22,-0.049667865037918
3,820719,4.54,-0.0698639899492263
3,820815,0.72,-0.1822994202375412
3,821082,1.98,-0.1010315343737602
3,821384,10.49,0.0676905959844589
3,821398,0.0,-0.0694273933768272
3,821658,0.0,-0.0819982290267944
3,821862,3.64,-0.0749757662415504
3,822043,18.81,0.1418049186468124
3,822785,6.78,-0.0254245940595865
3,823118,23.71,0.1922186762094497
3,823286,0.0,-0.071179561316967
3,824356,5.95,-0.0226304829120636
3,824961,0.0,-0.0809179171919822
3,825470,0.0,-0.1023115217685699
3,825527,5.98,-0.0273958295583724
3,825975,7.07,-0.0195489563047885
3,826426,8.07,-0.0198443066328763
3,826938,44.6,0.2137645184993744
3,827056,0.0,-0.0132094137370586
3,827162,0.0,-0.0620682016015052
3,827177,6.2,-0.02936727181077
3,828404,4.25,-0.0727215036749839
3,828627,0.0,-0.0466434322297573
3,829746,27.92,0.2051425874233245
3,830220,20.55,0.090046502649784
3,830944,15.89,0.1534844934940338
3,831180,13.61,0.1078581288456916
3,832620,0.0,-0.0871142894029617
3,833353,21.32,0.1362883746623993
3,833745,9.66,0.0146061899140477
3,833794,2.08,-0.0924572050571441
3,834011,2.2,-0.0980744287371635
3,835584,1.71,-0.0955226942896843
3,835764,0.0,-0.0682085901498794
3,836063,8.01,-0.0216404944658279
3,836188,3.74,-0.0784419253468513
3,836201,3.61,-0.0384623520076274
3,837326,6.82,-0.0264066308736801
3,838155,0.0,-0.0697198882699012
3,838341,13.49,0.1073037162423133
3,839979,7.76,-0.0339753106236457
3,840152,6.72,-0.032731469720602
3,841087,16.86,0.0604262799024581
3,842143,0.0,-0.0684518963098526
3,842849,8.6,0.0020444970577955
