fold,source_row_position,source_index,ID
1,0,0,0
1,46,344,601
1,134,972,1763
1,147,1074,1934
1,222,1614,2886
1,231,1719,3093
1,287,2087,3758
1,342,2427,4396
1,368,2606,4730
1,370,2608,4732
1,376,2674,4847
1,400,2895,5254
1,619,4574,8223
1,625,4622,8309
1,637,4676,8416
1,644,4711,8494
1,675,4966,8992
1,696,5139,9313
1,763,5612,10124
1,779,5729,10321
1,781,5741,10342
1,823,6088,10946
1,985,7201,12926
1,998,7271,13049
1,1063,7664,13757
1,1090,7860,14098
1,1133,8167,14625
1,1149,8262,14801
1,1159,8310,14881
1,1162,8338,14935
1,1218,8707,15612
1,1221,8739,15674
1,1228,8793,15755
1,1260,9080,16256
1,1266,9153,16399
1,1329,9560,17152
1,1396,10104,18099
1,1414,10230,18332
1,1431,10363,18565
1,1432,10365,18567
1,1441,10459,18738
1,1489,10777,19320
1,1493,10794,19353
1,1531,11075,19846
1,1535,11104,19903
1,1594,11468,20544
1,1620,11700,20951
1,1621,11707,20961
1,1709,12377,22151
1,1812,13029,23317
1,1854,13302,23815
1,1948,14023,25105
1,1974,14203,25422
1,1979,14262,25524
1,1987,14343,25667
1,1997,14392,25746
1,2035,14663,26249
1,2040,14700,26325
1,2086,15035,26905
1,2195,15840,28371
1,2223,16011,28677
1,2227,16045,28748
1,2254,16274,29172
1,2281,16460,29475
1,2293,16576,29678
1,2379,17204,30796
1,2390,17261,30908
1,2400,17344,31065
1,2426,17534,31458
1,2442,17633,31635
1,2461,17764,31874
1,2512,18082,32455
1,2557,18411,33040
1,2583,18585,33323
1,2703,19449,34878
1,2711,19529,35024
1,2756,19847,35594
1,2767,19921,35715
1,2785,20060,35940
1,2820,20275,36294
1,2929,21046,37603
1,2932,21070,37639
1,2963,21307,38077
1,3031,21747,38878
1,3032,21752,38885
1,3097,22146,39570
1,3123,22317,39880
1,3124,22319,39884
1,3125,22321,39891
1,3146,22504,40200
1,3170,22637,40460
1,3172,22650,40477
1,3187,22725,40613
1,3248,23154,41379
1,3280,23426,41875
1,3286,23465,41932
1,3287,23466,41933
1,3325,23770,42500
1,3330,23796,42556
1,3386,24236,43342
1,3412,24395,43653
1,3439,24580,43965
1,3466,24727,44235
1,3514,25082,44833
1,3539,25283,45188
1,3551,25377,45360
1,3604,25816,46155
1,3617,25879,46253
1,3635,26032,46523
1,3743,26836,47917
1,3750,26886,48014
1,3802,27291,48676
1,3831,27494,49027
1,3832,27505,49045
1,3904,28054,50099
1,3910,28101,50187
1,3932,28285,50551
1,3965,28527,50979
1,4009,28775,51445
1,4020,28831,51555
1,4037,28929,51724
1,4071,29172,52205
1,4122,29502,52801
1,4134,29542,52880
1,4183,29937,53568
1,4185,29951,53593
1,4256,30524,54594
1,4258,30532,54610
1,4308,30848,55182
1,4323,30902,55283
1,4354,31104,55665
1,4401,31419,56209
1,4419,31526,56389
1,4480,31899,57079
1,4509,32103,57450
1,4537,32351,57901
1,4549,32398,58008
1,4583,32594,58333
1,4585,32609,58352
1,4631,32888,58866
1,4763,33850,60565
1,4765,33862,60581
1,4800,34063,60978
1,4837,34267,61333
1,4871,34527,61802
1,4948,35010,62697
1,4956,35087,62838
1,4969,35181,62980
1,4985,35275,63142
1,5051,35737,63981
1,5084,35979,64413
1,5100,36083,64582
1,5137,36345,65051
1,5140,36362,65079
1,5220,36915,66061
1,5271,37311,66775
1,5332,37790,67618
1,5336,37856,67735
1,5359,38052,68090
1,5449,38828,69460
1,5471,39000,69786
1,5473,39021,69826
1,5517,39236,70215
1,5550,39442,70555
1,5555,39480,70622
1,5562,39514,70669
1,5579,39601,70800
1,5588,39646,70884
1,5646,40095,71689
1,5661,40198,71865
1,5667,40244,71957
1,5721,40670,72778
1,5731,40722,72872
1,5739,40773,72962
1,5771,40999,73365
1,5787,41139,73588
1,5867,41641,74472
1,5918,42000,75095
1,5944,42195,75470
1,5974,42433,75900
1,6009,42675,76316
1,6032,42828,76592
1,6133,43479,77764
1,6139,43497,77790
1,6177,43758,78242
1,6199,43932,78551
1,6235,44149,78947
1,6237,44167,78983
1,6238,44178,79002
1,6310,44639,79836
1,6315,44675,79898
1,6342,44874,80262
1,6372,45122,80675
1,6390,45274,80950
1,6402,45385,81112
1,6458,45818,81889
1,6557,46495,83101
1,6610,46843,83763
1,6622,46889,83842
1,6650,47105,84243
1,6692,47413,84824
1,6693,47415,84827
1,6750,47767,85464
1,6762,47847,85623
1,6771,47906,85732
1,6788,48097,86083
1,6909,48975,87668
1,6921,49029,87770
1,6930,49099,87905
1,6931,49104,87914
1,7052,49905,89325
1,7075,50094,89652
1,7079,50104,89670
1,7084,50134,89722
1,7099,50222,89874
1,7176,50722,90761
1,7179,50739,90790
1,7181,50761,90833
1,7196,50880,91033
1,7197,50884,91039
1,7305,51671,92486
1,7354,51979,93056
1,7371,52115,93297
1,7419,52436,93895
1,7487,52862,94709
1,7569,53372,95629
1,7589,53482,95819
1,7609,53629,96070
1,7656,53996,96730
1,7669,54068,96846
1,7672,54084,96875
1,7680,54156,96991
1,7709,54364,97358
1,7739,54563,97720
1,7748,54626,97827
1,7763,54730,98009
1,7768,54787,98107
1,7769,54809,98144
1,7790,54947,98396
1,7815,55091,98635
1,7874,55506,99358
1,8047,56665,101428
1,8158,57594,103060
1,8173,57666,103195
1,8197,57815,103448
1,8208,57853,103523
1,8296,58517,104686
1,8308,58576,104783
1,8329,58706,105014
1,8372,59068,105700
1,8412,59379,106259
1,8464,59791,106999
1,8480,59912,107211
1,8528,60187,107694
1,8538,60245,107801
1,8559,60402,108091
1,8574,60493,108260
1,8610,60739,108700
1,8614,60770,108765
1,8661,61048,109248
1,8772,61778,110564
1,8818,62151,111241
1,8846,62379,111663
1,8857,62441,111778
1,8867,62498,111875
1,8878,62558,111974
1,8895,62631,112096
1,8984,63189,113096
1,8990,63214,113139
1,9034,63531,113668
1,9048,63630,113826
1,9095,63956,114352
1,9105,64037,114497
1,9134,64216,114813
1,9148,64331,114994
1,9174,64439,115175
1,9212,64742,115707
1,9229,64877,115968
1,9272,65194,116521
1,9283,65245,116623
1,9293,65351,116800
1,9312,65456,116990
1,9401,66021,117966
1,9448,66373,118582
1,9461,66434,118675
1,9476,66544,118869
1,9548,66949,119629
1,9561,67027,119754
1,9684,67950,121396
1,9701,68062,121582
1,9706,68093,121640
1,9776,68680,122700
1,9870,69308,123809
1,9886,69380,123921
1,9920,69584,124317
1,9923,69600,124352
1,10004,70184,125356
1,10051,70467,125866
1,10086,70721,126353
1,10093,70758,126414
1,10112,70904,126659
1,10136,71088,127006
1,10251,71887,128405
1,10301,72189,128910
1,10305,72203,128934
1,10344,72487,129427
1,10393,72921,130181
1,10425,73124,130544
1,10435,73189,130651
1,10452,73340,130893
1,10522,73760,131624
1,10602,74315,132597
1,10615,74425,132792
1,10632,74528,132988
1,10656,74729,133330
1,10718,75092,133936
1,10839,76007,135552
1,10924,76568,136571
1,10928,76588,136607
1,10939,76650,136713
1,10947,76714,136835
1,11039,77307,137956
1,11065,77505,138285
1,11124,77954,139105
1,11261,79064,141189
1,11271,79140,141329
1,11321,79544,142075
1,11352,79711,142362
1,11363,79773,142471
1,11439,80285,143366
1,11454,80389,143542
1,11488,80644,144014
1,11546,81075,144798
1,11605,81506,145545
1,11629,81690,145870
1,11668,81950,146336
1,11682,82076,146553
1,11714,82299,146943
1,11777,82690,147662
1,11792,82791,147850
1,11794,82799,147868
1,11800,82838,147939
1,11808,82879,148003
1,11836,83087,148386
1,11934,83773,149593
1,11945,83908,149846
1,11954,83980,149967
1,11993,84373,150697
1,11997,84386,150716
1,12014,84511,150936
1,12087,85073,151909
1,12149,85517,152681
1,12159,85563,152763
1,12170,85642,152888
1,12204,85855,153257
1,12219,86002,153541
1,12273,86362,154179
1,12284,86510,154427
1,12317,86701,154768
1,12321,86726,154812
1,12364,86949,155250
1,12429,87369,155998
1,12470,87647,156494
1,12516,87928,156985
1,12534,88014,157125
1,12562,88227,157503
1,12584,88389,157801
1,12589,88449,157898
1,12631,88907,158672
1,12725,89464,159637
1,12810,90131,160797
1,12858,90485,161434
1,12869,90557,161583
1,12881,90681,161820
1,12922,90978,162325
1,12941,91089,162546
1,12952,91160,162685
1,12988,91448,163178
1,13001,91506,163259
1,13055,91956,164033
1,13094,92222,164508
1,13139,92488,164998
1,13149,92532,165082
1,13158,92567,165141
1,13173,92715,165397
1,13255,93349,166542
1,13319,93763,167306
1,13344,93949,167652
1,13401,94438,168523
1,13483,94989,169470
1,13517,95270,169949
1,13556,95621,170589
1,13566,95699,170728
1,13570,95710,170751
1,13600,95925,171163
1,13644,96207,171650
1,13686,96496,172149
1,13703,96564,172263
1,13757,96971,173040
1,13779,97135,173328
1,13780,97137,173332
1,13813,97302,173640
1,13839,97480,173939
1,13941,98137,175113
1,13992,98479,175763
1,13999,98559,175921
1,14101,99193,177095
1,14104,99206,177116
1,14110,99268,177227
1,14187,99754,178116
1,14233,100158,178801
1,14235,100164,178810
1,14267,100395,179216
1,14304,100624,179623
1,14317,100709,179783
1,14368,101098,180457
1,14406,101329,180881
1,14423,101462,181126
1,14433,101505,181206
1,14438,101516,181229
1,14456,101670,181493
1,14473,101804,181734
1,14483,101904,181892
1,14490,101971,182030
1,14515,102203,182403
1,14524,102284,182527
1,14536,102386,182709
1,14595,102853,183489
1,14597,102858,183494
1,14624,103006,183760
1,14641,103136,183992
1,14664,103272,184245
1,14671,103305,184312
1,14694,103512,184687
1,14697,103531,184721
1,14743,103824,185233
1,14780,104081,185712
1,14786,104147,185836
1,14869,104771,186969
1,14873,104805,187026
1,14927,105323,187966
1,14928,105326,187971
1,14930,105336,187992
1,14990,105695,188593
1,15009,105809,188779
1,15026,105877,188905
1,15059,106108,189331
1,15069,106150,189409
1,15099,106350,189792
1,15115,106421,189913
1,15135,106549,190135
1,15162,106765,190536
1,15193,106963,190875
1,15233,107295,191452
1,15267,107614,192017
1,15306,107903,192576
1,15343,108251,193205
1,15395,108538,193719
1,15402,108568,193789
1,15470,109022,194588
1,15505,109245,194963
1,15523,109350,195154
1,15527,109416,195275
1,15559,109588,195573
1,15627,110021,196331
1,15666,110254,196759
1,15691,110426,197044
1,15723,110622,197383
1,15737,110747,197590
1,15752,110860,197784
1,15768,111036,198110
1,15869,111775,199416
1,15892,111922,199690
1,15896,111963,199748
1,15924,112162,200140
1,15946,112291,200384
1,16020,112763,201250
1,16036,112893,201450
1,16066,113064,201734
1,16074,113101,201807
1,16089,113188,201954
1,16106,113342,202241
1,16114,113394,202330
1,16147,113609,202715
1,16150,113632,202770
1,16154,113667,202829
1,16159,113731,202939
1,16173,113861,203166
1,16209,114009,203432
1,16213,114034,203470
1,16237,114176,203722
1,16295,114523,204318
1,16304,114561,204398
1,16328,114732,204704
1,16337,114797,204807
1,16372,115044,205261
1,16401,115288,205678
1,16405,115322,205742
1,16411,115355,205809
1,16439,115634,206291
1,16495,116069,207019
1,16508,116175,207221
1,16554,116540,207832
1,16611,117018,208705
1,16636,117219,209054
1,16638,117229,209074
1,16642,117282,209165
1,16672,117563,209647
1,16855,118817,211907
1,16908,119192,212568
1,16912,119227,212624
1,16946,119496,213101
1,16997,119736,213538
1,17013,119824,213706
1,17016,119829,213718
1,17035,119970,213984
1,17042,120022,214074
1,17192,121107,216076
1,17253,121536,216803
1,17264,121642,217001
1,17283,121727,217138
1,17324,121965,217568
1,17350,122120,217841
1,17358,122175,217933
1,17373,122263,218090
1,17407,122500,218525
1,17422,122559,218636
1,17441,122687,218852
1,17461,122842,219112
1,17503,123115,219602
1,17619,123948,221107
1,17653,124138,221439
1,17672,124258,221647
1,17717,124563,222154
1,17742,124727,222437
1,17845,125383,223564
1,17897,125808,224305
1,17926,126047,224767
1,17957,126224,225056
1,17976,126411,225385
1,18029,126789,226030
1,18034,126825,226101
1,18071,127082,226568
1,18096,127283,226925
1,18111,127398,227112
1,18255,128430,228986
1,18261,128474,229057
1,18313,128828,229656
1,18360,129143,230237
1,18364,129217,230387
1,18368,129273,230484
1,18391,129453,230750
1,18436,129767,231315
1,18462,129947,231617
1,18473,130038,231768
1,18490,130218,232086
1,18524,130450,232514
1,18580,130827,233155
1,18594,130945,233373
1,18604,131013,233506
1,18625,131153,233753
1,18672,131527,234363
1,18681,131584,234474
1,18714,131831,234913
1,18735,131949,235117
1,18797,132443,235994
1,18798,132448,236005
1,18912,133135,237248
1,18941,133392,237739
1,19000,133796,238445
1,19010,133875,238584
1,19022,133957,238730
1,19088,134408,239518
1,19140,134692,240004
1,19236,135360,241183
1,19241,135410,241278
1,19256,135512,241460
1,19284,135760,241894
1,19344,136130,242590
1,19365,136306,242930
1,19376,136379,243044
1,19536,137523,245092
1,19614,138040,245992
1,19623,138111,246123
1,19646,138275,246427
1,19705,138671,247142
1,19712,138751,247271
1,19736,138878,247469
1,19742,138931,247560
1,19822,139487,248570
1,19827,139519,248627
1,19835,139558,248704
1,19838,139591,248768
1,19894,139972,249433
1,19913,140077,249611
1,19951,140332,250082
1,19964,140414,250222
1,19966,140423,250234
1,20008,140772,250887
1,20016,140822,250970
1,20021,140890,251094
1,20102,141403,252024
1,20105,141424,252055
1,20107,141427,252061
1,20108,141443,252086
1,20118,141503,252208
1,20119,141508,252215
1,20134,141607,252390
1,20164,141793,252724
1,20165,141798,252731
1,20202,142072,253191
1,20233,142293,253597
1,20237,142330,253680
1,20239,142339,253694
1,20240,142361,253740
1,20245,142426,253845
1,20305,142827,254575
1,20323,142948,254796
1,20367,143277,255380
1,20406,143540,255806
1,20448,143895,256477
1,20457,143962,256593
1,20468,144030,256717
1,20478,144093,256826
1,20521,144353,257297
1,20527,144385,257356
1,20558,144635,257814
1,20603,145050,258570
1,20627,145214,258857
1,20664,145432,259261
1,20710,145770,259916
1,20738,145950,260254
1,20762,146099,260520
1,20765,146116,260548
1,20770,146161,260624
1,20781,146247,260779
1,20909,147203,262466
1,20973,147757,263442
1,21075,148457,264693
1,21080,148480,264731
1,21114,148729,265211
1,21155,148974,265634
1,21179,149150,265958
1,21231,149460,266529
1,21279,149837,267214
1,21304,149983,267475
1,21339,150216,267873
1,21366,150424,268281
1,21478,151121,269533
1,21502,151303,269853
1,21536,151563,270346
1,21538,151571,270358
1,21572,151772,270713
1,21577,151792,270754
1,21580,151817,270796
1,21593,151895,270941
1,21604,151996,271134
1,21654,152292,271671
1,21691,152587,272213
1,21698,152643,272328
1,21709,152684,272412
1,21720,152734,272523
1,21806,153336,273599
1,21839,153545,273982
1,21842,153576,274042
1,21998,154703,276074
1,22004,154724,276108
1,22010,154756,276165
1,22124,155558,277627
1,22129,155578,277664
1,22142,155663,277810
1,22234,156327,279028
1,22238,156344,279054
1,22259,156546,279416
1,22338,157067,280346
1,22348,157118,280435
1,22363,157233,280648
1,22393,157473,281092
1,22426,157722,281554
1,22454,157924,281926
1,22469,158016,282093
1,22472,158030,282119
1,22480,158070,282195
1,22506,158277,282551
1,22580,158843,283530
1,22583,158853,283548
1,22620,159125,284019
1,22628,159164,284094
1,22646,159270,284324
1,22678,159505,284794
1,22685,159536,284848
1,22700,159606,284963
1,22730,159905,285484
1,22741,159992,285650
1,22749,160058,285775
1,22777,160274,286137
1,22784,160314,286215
1,22826,160544,286620
1,22843,160611,286752
1,22892,161011,287481
1,23041,162013,289242
1,23068,162182,289562
1,23123,162575,290250
1,23226,163291,291468
1,23256,163422,291704
1,23263,163461,291764
1,23273,163546,291926
1,23276,163570,291967
1,23298,163711,292221
1,23335,163972,292735
1,23364,164170,293104
1,23374,164241,293228
1,23381,164291,293324
1,23431,164640,293919
1,23464,164896,294357
1,23487,165086,294701
1,23501,165195,294882
1,23569,165762,295847
1,23587,165874,296031
1,23599,165959,296204
1,23652,166406,297054
1,23717,166807,297762
1,23760,167086,298232
1,23808,167455,298896
1,23821,167545,299066
1,23922,168344,300508
1,23925,168359,300538
1,23959,168640,301044
1,23960,168642,301047
1,23987,168790,301280
1,24004,168949,301546
1,24010,169050,301705
1,24068,169498,302530
1,24090,169651,302797
1,24094,169657,302804
1,24113,169774,303034
1,24145,169969,303374
1,24183,170271,303973
1,24244,170660,304628
1,24259,170749,304797
1,24266,170787,304870
1,24301,171034,305316
1,24318,171187,305584
1,24376,171585,306307
1,24486,172387,307785
1,24561,172885,308701
1,24591,173092,309096
1,24687,173770,310294
1,24688,173775,310303
1,24747,174149,310986
1,24759,174252,311166
1,24825,174706,311975
1,24830,174764,312069
1,24865,175034,312542
1,24873,175080,312621
1,24879,175104,312669
1,24888,175133,312730
1,24965,175661,313647
1,24970,175672,313668
1,24996,175828,313931
1,25008,175976,314207
1,25028,176145,314511
1,25070,176431,315020
1,25072,176434,315025
1,25094,176550,315224
1,25099,176585,315294
1,25128,176798,315668
1,25175,177081,316165
1,25186,177195,316357
1,25208,177396,316722
1,25236,177568,317032
1,25272,177829,317512
1,25285,177894,317630
1,25317,178170,318120
1,25333,178267,318263
1,25408,178808,319264
1,25412,178823,319286
1,25427,178908,319437
1,25439,179020,319641
1,25441,179033,319666
1,25468,179220,319998
1,25502,179409,320327
1,25601,180185,321720
1,25604,180218,321777
1,25665,180743,322744
1,25676,180800,322832
1,25761,181411,323908
1,25791,181684,324404
1,25794,181705,324436
1,25829,181976,324916
1,25834,182009,324972
1,25887,182442,325770
1,25892,182472,325829
1,25897,182521,325917
1,25908,182572,326006
1,25920,182666,326185
1,25974,183013,326775
1,25986,183078,326879
1,26003,183265,327206
1,26016,183340,327343
1,26115,183972,328388
1,26135,184124,328664
1,26146,184190,328783
1,26175,184403,329138
1,26183,184440,329205
1,26228,184748,329767
1,26281,185120,330408
1,26284,185132,330432
1,26299,185233,330606
1,26305,185299,330729
1,26431,186266,332421
1,26445,186362,332609
1,26451,186388,332661
1,26471,186593,333043
1,26477,186652,333179
1,26488,186746,333340
1,26530,187060,333916
1,26544,187146,334077
1,26571,187356,334486
1,26642,187903,335405
1,26672,188171,335848
1,26753,188658,336738
1,26833,189427,338147
1,26872,189637,338527
1,26877,189660,338567
1,26930,189992,339167
1,26946,190136,339417
1,27029,190688,340383
1,27038,190730,340451
1,27039,190734,340456
1,27060,190848,340686
1,27065,190887,340749
1,27077,190991,340938
1,27078,190994,340943
1,27093,191158,341240
1,27098,191211,341342
1,27155,191675,342172
1,27166,191774,342351
1,27181,191888,342552
1,27250,192398,343453
1,27267,192511,343652
1,27343,193071,344611
1,27349,193095,344651
1,27350,193099,344659
1,27361,193169,344810
1,27403,193482,345329
1,27436,193709,345742
1,27450,193792,345894
1,27465,193862,345999
1,27468,193886,346035
1,27489,194004,346251
1,27503,194096,346433
1,27523,194231,346687
1,27531,194303,346809
1,27603,194910,347853
1,27611,194961,347948
1,27625,195014,348041
1,27672,195387,348698
1,27715,195760,349368
1,27719,195824,349481
1,27832,196678,350989
1,28015,197898,353150
1,28029,197964,353264
1,28031,197973,353278
1,28074,198249,353798
1,28084,198316,353907
1,28101,198467,354154
1,28110,198530,354268
1,28115,198604,354400
1,28121,198635,354459
1,28258,199552,356070
1,28278,199728,356371
1,28300,199950,356751
1,28320,200037,356900
1,28366,200389,357551
1,28377,200461,357706
1,28412,200692,358135
1,28434,200818,358349
1,28443,200882,358457
1,28562,201623,359789
1,28578,201706,359943
1,28606,201874,360235
1,28620,201955,360395
1,28631,201995,360462
1,28670,202231,360867
1,28689,202336,361041
1,28698,202394,361147
1,28729,202663,361606
1,28783,202983,362217
1,28813,203201,362609
1,28863,203627,363365
1,28869,203653,363414
1,28939,204193,364413
1,28969,204408,364802
1,28979,204510,364980
1,28980,204511,364981
1,28988,204572,365084
1,29016,204793,365483
1,29019,204804,365502
1,29023,204824,365533
1,29024,204829,365542
1,29071,205140,366070
1,29085,205245,366253
1,29091,205310,366381
1,29104,205362,366465
1,29109,205440,366616
1,29172,205848,367368
1,29175,205864,367402
1,29180,205893,367450
1,29210,206062,367759
1,29281,206551,368664
1,29314,206750,369050
1,29354,207030,369576
1,29388,207274,369997
1,29399,207379,370185
1,29401,207387,370197
1,29479,207895,371151
1,29487,207966,371266
1,29522,208268,371854
1,29541,208412,372124
1,29551,208496,372283
1,29554,208514,372328
1,29609,208986,373178
1,29692,209584,374346
1,29702,209684,374529
1,29714,209783,374696
1,29745,209984,375066
1,29758,210071,375248
1,29761,210088,375279
1,29825,210565,376103
1,29916,211211,377290
1,29920,211254,377370
1,29969,211574,377925
1,30036,212102,378835
1,30089,212448,379461
1,30115,212617,379749
1,30186,213157,380696
1,30199,213263,380869
1,30206,213340,381008
1,30227,213494,381271
1,30233,213560,381374
1,30280,213853,381880
1,30389,214655,383304
1,30410,214790,383545
1,30421,214899,383705
1,30467,215265,384354
1,30473,215342,384491
1,30554,216095,385802
1,30557,216139,385897
1,30559,216155,385919
1,30584,216307,386190
1,30589,216328,386227
1,30605,216410,386375
1,30634,216620,386769
1,30645,216703,386916
1,30712,217135,387645
1,30718,217157,387678
1,30811,217888,388999
1,30905,218472,390034
1,30929,218617,390290
1,30984,219123,391188
1,30996,219181,391291
1,31027,219422,391720
1,31071,219842,392486
1,31102,220025,392782
1,31107,220066,392857
1,31113,220097,392912
1,31164,220440,393542
1,31223,220823,394197
1,31225,220846,394235
1,31243,220992,394487
1,31244,220997,394495
1,31262,221129,394731
1,31268,221209,394868
1,31334,221705,395763
1,31416,222353,396933
1,31438,222515,397214
1,31513,222993,398059
1,31585,223538,399063
1,31626,223811,399549
1,31724,224434,400598
1,31737,224529,400760
1,31738,224539,400785
1,31750,224587,400869
1,31751,224594,400881
1,31769,224734,401116
1,31828,225107,401804
1,31865,225374,402274
1,31925,225788,403002
1,31964,226051,403514
1,31977,226145,403669
1,31985,226190,403741
1,32041,226580,404427
1,32043,226593,404449
1,32049,226639,404541
1,32076,226820,404873
1,32113,227086,405365
1,32164,227448,406018
1,32169,227470,406052
1,32296,228469,407810
1,32318,228643,408098
1,32341,228830,408428
1,32342,228840,408448
1,32356,228969,408679
1,32464,229683,409984
1,32550,230369,411219
1,32555,230408,411291
1,32568,230489,411437
1,32575,230518,411486
1,32659,231104,412516
1,32725,231497,413202
1,32727,231505,413216
1,32738,231581,413372
1,32792,231936,414047
1,32793,231956,414084
1,32812,232085,414324
1,32848,232326,414735
1,32911,232759,415509
1,32935,232927,415801
1,32946,233011,415962
1,32971,233135,416183
1,32985,233219,416333
1,33004,233324,416527
1,33013,233370,416603
1,33073,233832,417436
1,33078,233871,417494
1,33086,233909,417559
1,33110,234060,417846
1,33235,235077,419608
1,33287,235419,420242
1,33298,235474,420342
1,33320,235652,420678
1,33333,235730,420816
1,33371,236012,421280
1,33423,236370,421936
1,33435,236455,422076
1,33448,236531,422213
1,33457,236579,422292
1,33461,236624,422370
1,33467,236666,422443
1,33507,236956,422961
1,33539,237158,423341
1,33549,237231,423475
1,33641,237937,424786
1,33675,238135,425110
1,33740,238637,426034
1,33750,238693,426147
1,33764,238762,426269
1,33775,238838,426400
1,33841,239304,427215
1,33865,239501,427592
1,33892,239681,427885
1,33923,239897,428253
1,33961,240187,428758
1,34060,240828,429929
1,34069,240871,430004
1,34090,240998,430204
1,34136,241328,430801
1,34188,241670,431419
1,34247,242114,432214
1,34252,242143,432261
1,34323,242625,433101
1,34344,242774,433368
1,34345,242778,433374
1,34388,243075,433865
1,34424,243336,434306
1,34458,243589,434751
1,34461,243610,434784
1,34490,243842,435195
1,34499,243890,435282
1,34504,243942,435369
1,34527,244105,435660
1,34552,244284,436000
1,34615,244705,436732
1,34649,244963,437196
1,34833,246100,439281
1,34843,246157,439385
1,34898,246496,439966
1,34941,246840,440582
1,35054,247551,441838
1,35058,247570,441875
1,35116,247999,442612
1,35139,248117,442825
1,35180,248406,443351
1,35213,248762,443992
1,35260,249121,444625
1,35286,249362,445048
1,35312,249570,445429
1,35342,249816,445854
1,35347,249858,445933
1,35367,249986,446149
1,35376,250038,446262
1,35401,250255,446632
1,35422,250391,446856
1,35423,250402,446871
1,35427,250420,446899
1,35539,251205,448295
1,35555,251335,448518
1,35607,251736,449249
1,35610,251746,449264
1,35611,251749,449267
1,35614,251758,449282
1,35670,252109,449877
1,35708,252320,450243
1,35720,252390,450361
1,35742,252548,450628
1,35747,252567,450657
1,35786,252823,451136
1,35815,253068,451564
1,35859,253308,451992
1,35863,253326,452029
1,35876,253400,452148
1,35917,253676,452626
1,35920,253686,452643
1,35980,254110,453407
1,35986,254169,453519
1,36079,254874,454732
1,36110,255089,455104
1,36119,255145,455208
1,36190,255654,456143
1,36201,255716,456262
1,36217,255840,456485
1,36285,256280,457285
1,36299,256374,457448
1,36300,256385,457466
1,36412,257124,458813
1,36464,257458,459402
1,36499,257632,459710
1,36520,257779,459979
1,36563,258154,460672
1,36602,258398,461079
1,36609,258451,461161
1,36612,258466,461187
1,36616,258511,461274
1,36633,258602,461467
1,36634,258611,461479
1,36665,258812,461829
1,36690,258966,462091
1,36698,259019,462189
1,36759,259515,463073
1,36764,259542,463117
1,36834,260112,464145
1,36921,260704,465215
1,36949,260848,465453
1,36979,261116,465936
1,37119,262090,467689
1,37139,262219,467932
1,37168,262420,468289
1,37201,262638,468661
1,37227,262866,469105
1,37252,263084,469498
1,37380,263935,471040
1,37390,264002,471170
1,37438,264259,471666
1,37494,264661,472389
1,37544,265033,473055
1,37628,265620,474151
1,37674,265930,474719
1,37688,266034,474920
1,37730,266378,475526
1,37769,266674,476084
1,37976,268075,478570
1,38023,268333,479028
1,38032,268393,479142
1,38076,268769,479813
1,38088,268873,479998
1,38139,269183,480535
1,38143,269239,480645
1,38165,269346,480836
1,38166,269367,480872
1,38223,269914,481871
1,38242,270060,482136
1,38277,270340,482623
1,38295,270466,482849
1,38378,271053,483885
1,38409,271212,484192
1,38535,272105,485777
1,38561,272301,486113
1,38591,272512,486483
1,38607,272646,486718
1,38617,272765,486934
1,38639,272937,487270
1,38658,273102,487587
1,38671,273204,487776
1,38684,273287,487935
1,38706,273456,488230
1,38713,273493,488286
1,38723,273544,488367
1,38927,274964,490854
1,38929,274982,490886
1,38940,275045,490998
1,38944,275057,491021
1,38952,275146,491193
1,38960,275178,491245
1,38991,275366,491588
1,39034,275605,491990
1,39070,275832,492402
1,39098,276069,492798
1,39130,276274,493166
1,39144,276345,493305
1,39208,276880,494264
1,39220,276970,494414
1,39261,277273,494927
1,39352,277849,495979
1,39389,278174,496580
1,39507,278921,497905
1,39598,279576,499064
1,39607,279637,499164
1,39637,279793,499447
1,39651,279886,499612
1,39657,279932,499690
1,39672,280066,499921
1,39716,280407,500518
1,39764,280816,501259
1,39767,280827,501280
1,39787,281009,501598
1,39799,281131,501808
1,39854,281546,502578
1,39862,281644,502763
1,39920,282021,503445
1,39922,282070,503541
1,39964,282361,504045
1,40027,282798,504831
1,40032,282854,504931
1,40076,283193,505529
1,40085,283254,505628
1,40101,283371,505819
1,40110,283431,505920
1,40121,283544,506115
1,40137,283614,506243
1,40199,283950,506855
1,40320,284840,508405
1,40352,285033,508734
1,40414,285390,509375
1,40432,285480,509527
1,40485,285858,510172
1,40523,286049,510503
1,40527,286080,510562
1,40560,286255,510881
1,40578,286372,511087
1,40601,286531,511370
1,40626,286701,511664
1,40654,286908,512035
1,40689,287122,512407
1,40707,287253,512634
1,40709,287265,512652
1,40746,287482,513021
1,40837,288118,514134
1,40853,288229,514315
1,40894,288468,514740
1,40931,288721,515155
1,40941,288781,515270
1,40955,288915,515511
1,40979,289081,515779
1,41010,289277,516140
1,41092,289831,517153
1,41102,289950,517364
1,41159,290262,517961
1,41170,290327,518075
1,41228,290734,518819
1,41302,291256,519751
1,41320,291347,519890
1,41336,291489,520177
1,41340,291551,520298
1,41343,291569,520328
1,41427,292247,521553
1,41479,292669,522297
1,41482,292686,522331
1,41492,292763,522456
1,41550,293134,523140
1,41562,293265,523380
1,41581,293408,523648
1,41624,293678,524133
1,41638,293756,524275
1,41674,294023,524767
1,41754,294715,525949
1,41802,295080,526591
1,41854,295457,527288
1,41881,295646,527603
1,41910,295876,527999
1,41938,296028,528287
1,42009,296527,529158
1,42111,297210,530349
1,42123,297271,530452
1,42147,297499,530850
1,42180,297752,531290
1,42205,297929,531590
1,42239,298178,532063
1,42351,298998,533508
1,42417,299386,534195
1,42456,299634,534616
1,42498,299923,535124
1,42529,300167,535572
1,42564,300425,536065
1,42633,300862,536872
1,42641,300908,536938
1,42706,301422,537871
1,42789,302056,538924
1,42818,302267,539317
1,42861,302580,539860
1,42950,303321,541133
1,42952,303328,541143
1,42986,303583,541585
1,42994,303611,541636
1,43011,303737,541878
1,43044,303974,542281
1,43144,304685,543544
1,43169,304926,543976
1,43177,304995,544120
1,43195,305107,544317
1,43198,305116,544334
1,43202,305157,544422
1,43276,305743,545445
1,43285,305828,545621
1,43324,306172,546242
1,43333,306239,546392
1,43350,306338,546576
1,43384,306614,547061
1,43390,306651,547128
1,43396,306704,547228
1,43446,307067,547880
1,43484,307318,548325
1,43497,307431,548527
1,43506,307488,548615
1,43539,307737,549107
1,43573,308026,549621
1,43614,308308,550122
1,43648,308632,550675
1,43728,309203,551634
1,43789,309620,552360
1,43833,309970,552987
1,43861,310168,553324
1,43905,310488,553891
1,43931,310610,554109
1,44031,311178,555090
1,44111,311736,556010
1,44121,311780,556087
1,44127,311840,556199
1,44190,312219,556875
1,44210,312331,557088
1,44233,312492,557376
1,44284,312813,557972
1,44290,312853,558044
1,44363,313287,558857
1,44403,313511,559247
1,44407,313532,559288
1,44436,313802,559781
1,44458,313909,559946
1,44460,313923,559973
1,44512,314220,560525
1,44522,314314,560685
1,44571,314616,561223
1,44591,314798,561538
1,44599,314853,561635
1,44663,315368,562534
1,44674,315451,562682
1,44681,315483,562744
1,44687,315535,562837
1,44691,315573,562897
1,44714,315696,563139
1,44734,315839,563378
1,44740,315893,563484
1,44770,316096,563861
1,44851,316658,564857
1,44862,316715,564971
1,44907,317029,565497
1,44934,317232,565825
1,44941,317268,565900
1,44998,317599,566534
1,45207,319228,569448
1,45218,319289,569547
1,45253,319509,569923
1,45265,319595,570090
1,45288,319774,570420
1,45289,319780,570430
1,45335,320080,570969
1,45482,321198,572970
1,45483,321201,572979
1,45493,321275,573115
1,45500,321306,573171
1,45514,321407,573330
1,45562,321689,573843
1,45598,321933,574252
1,45642,322235,574807
1,45670,322378,575050
1,45688,322520,575277
1,45719,322728,575639
1,45748,322983,576086
1,45852,323608,577151
1,45872,323833,577536
1,45913,324112,578024
1,45916,324129,578057
1,45923,324185,578162
1,45930,324256,578284
1,45932,324272,578311
1,45967,324501,578727
1,45991,324686,579063
1,46015,324846,579339
1,46030,324953,579514
1,46078,325276,580077
1,46097,325403,580316
1,46098,325404,580319
1,46130,325682,580803
1,46146,325799,580990
1,46169,325910,581187
1,46197,326080,581496
1,46243,326429,582123
1,46255,326566,582372
1,46291,326824,582841
1,46295,326859,582899
1,46309,326972,583101
1,46332,327139,583421
1,46414,327604,584250
1,46417,327622,584287
1,46485,328219,585330
1,46495,328280,585434
1,46565,328768,586304
1,46576,328832,586403
1,46624,329129,586906
1,46628,329147,586931
1,46697,329556,587665
1,46730,329841,588197
1,46785,330175,588783
1,46801,330261,588924
1,46808,330322,589044
1,46830,330493,589353
1,46895,330930,590129
1,46896,330957,590171
1,46905,331004,590258
1,46946,331291,590726
1,47059,332183,592262
1,47086,332379,592605
1,47111,332609,592997
1,47128,332711,593161
1,47140,332770,593269
1,47215,333324,594244
1,47253,333536,594617
1,47344,334207,595853
1,47422,334767,596853
1,47503,335327,597875
1,47536,335569,598301
1,47614,336084,599180
1,47642,336309,599579
1,47720,336877,600595
1,47722,336884,600610
1,47745,337031,600872
1,47785,337292,601358
1,47833,337599,601935
1,47855,337717,602153
1,47910,338136,602856
1,47956,338395,603300
1,47977,338558,603603
1,48018,338822,604069
1,48130,339647,605519
1,48132,339650,605527
1,48184,339997,606160
1,48284,340641,607259
1,48288,340673,607319
1,48294,340698,607362
1,48302,340752,607458
1,48484,341921,609442
1,48501,342013,609598
1,48508,342079,609709
1,48520,342169,609878
1,48621,342984,611307
1,48626,343010,611343
1,48648,343126,611539
1,48658,343194,611668
1,48711,343666,612486
1,48712,343667,612487
1,48727,343807,612744
1,48762,344039,613142
1,48802,344245,613517
1,48834,344440,613864
1,48848,344576,614094
1,48905,344940,614729
1,48932,345188,615193
1,49034,345969,616583
1,49149,346845,618192
1,49181,347099,618662
1,49226,347442,619269
1,49234,347547,619453
1,49240,347573,619491
1,49260,347704,619725
1,49326,348205,620603
1,49354,348372,620893
1,49358,348392,620932
1,49414,348742,621568
1,49462,348999,622021
1,49495,349241,622417
1,49627,350338,624400
1,49694,350723,625096
1,49700,350772,625188
1,49762,351171,625910
1,49785,351324,626188
1,49793,351367,626266
1,49826,351596,626682
1,49842,351717,626905
1,49864,351868,627175
1,49910,352262,627874
1,49947,352493,628329
1,49960,352631,628557
1,49965,352653,628603
1,49982,352756,628797
1,50017,352952,629176
1,50075,353323,629791
1,50119,353594,630280
1,50204,354074,631156
1,50207,354117,631233
1,50269,354505,631917
1,50278,354579,632033
1,50289,354670,632209
1,50333,355042,632897
1,50377,355377,633477
1,50386,355444,633605
1,50481,356285,635059
1,50487,356323,635114
1,50501,356406,635262
1,50633,357256,636736
1,50714,357832,637779
1,50719,357892,637881
1,50725,357955,637999
1,50734,358020,638121
1,50737,358036,638141
1,50752,358110,638269
1,50763,358196,638440
1,50773,358258,638546
1,50827,358578,639125
1,50855,358727,639398
1,50889,358894,639683
1,50896,358932,639751
1,50958,359384,640593
1,50976,359493,640797
1,51019,359793,641332
1,51039,359957,641618
1,51041,359977,641657
1,51079,360291,642203
1,51151,360843,643269
1,51223,361371,644258
1,51227,361398,644305
1,51248,361552,644588
1,51251,361606,644669
1,51276,361768,644958
1,51331,362146,645619
1,51337,362186,645686
1,51374,362426,646146
1,51433,362776,646755
1,51437,362834,646851
1,51463,363006,647181
1,51512,363332,647767
1,51529,363453,648003
1,51547,363624,648301
1,51564,363720,648477
1,51631,364149,649237
1,51672,364465,649791
1,51689,364572,649986
1,51749,364977,650689
1,51752,365033,650809
1,51753,365038,650817
1,51760,365066,650869
1,51781,365262,651235
1,51795,365317,651324
1,51833,365602,651839
1,51834,365604,651843
1,51865,365833,652228
1,51873,365898,652360
1,51885,366003,652568
1,51941,366414,653304
1,52003,366824,654084
1,52015,366926,654261
1,52078,367384,655064
1,52080,367437,655164
1,52096,367571,655400
1,52165,368151,656483
1,52206,368377,656892
1,52231,368531,657174
1,52236,368569,657248
1,52245,368611,657335
1,52365,369499,658950
1,52387,369645,659239
1,52394,369708,659353
1,52400,369771,659462
1,52415,369896,659697
1,52434,370019,659935
1,52487,370402,660636
1,52495,370475,660776
1,52502,370530,660873
1,52569,371014,661731
1,52582,371118,661889
1,52616,371305,662230
1,52646,371512,662601
1,52647,371516,662608
1,52669,371665,662846
1,52680,371739,662978
1,52794,372641,664562
1,52885,373255,665668
1,52918,373476,666070
1,52926,373525,666166
1,52971,373859,666756
1,53109,374785,668409
1,53127,374906,668626
1,53134,374952,668694
1,53137,374973,668736
1,53258,375882,670335
1,53284,376028,670607
1,53297,376121,670770
1,53355,376526,671476
1,53375,376714,671808
1,53523,377790,673729
1,53524,377800,673749
1,53625,378562,675084
1,53639,378647,675225
1,53658,378741,675380
1,53719,379203,676254
1,53733,379297,676419
1,53745,379394,676588
1,53779,379629,677003
1,53819,379877,677406
1,53854,380117,677840
1,53870,380279,678149
1,53894,380482,678510
1,53938,380795,679053
1,53960,380940,679315
1,54040,381555,680444
1,54078,381775,680834
1,54079,381778,680840
1,54116,382048,681302
1,54123,382090,681378
1,54280,383201,683372
1,54300,383318,683581
1,54309,383366,683666
1,54380,383831,684480
1,54400,384022,684802
1,54404,384067,684885
1,54446,384394,685463
1,54456,384457,685585
1,54479,384654,685933
1,54512,384925,686434
1,54531,385044,686648
1,54621,385598,687621
1,54629,385635,687700
1,54671,385911,688166
1,54672,385914,688169
1,54673,385923,688190
1,54687,386008,688342
1,54747,386512,689280
1,54846,387296,690738
1,54850,387320,690780
1,54884,387605,691300
1,54895,387650,691395
1,54947,388013,692071
1,54953,388041,692114
1,54955,388060,692150
1,55044,388745,693364
1,55091,389111,694024
1,55092,389117,694030
1,55097,389145,694067
1,55116,389271,694295
1,55163,389579,694826
1,55191,389801,695225
1,55200,389866,695356
1,55217,389991,695564
1,55240,390142,695852
1,55242,390155,695872
1,55249,390193,695934
1,55471,391839,698910
1,55499,392099,699369
1,55516,392222,699564
1,55534,392327,699756
1,55615,392928,700779
1,55689,393327,701497
1,55705,393428,701697
1,55772,393905,702569
1,55775,393924,702605
1,55787,393978,702706
1,55792,394043,702826
1,55902,394883,704260
1,55936,395202,704863
1,55949,395295,705017
1,55957,395377,705178
1,55960,395389,705203
1,55988,395605,705598
1,56021,395833,705991
1,56048,395964,706200
1,56079,396168,706564
1,56105,396343,706867
1,56106,396362,706906
1,56111,396392,706956
1,56142,396565,707280
1,56194,396938,707930
1,56266,397340,708626
1,56328,397730,709304
1,56344,397851,709518
1,56367,398025,709798
1,56388,398135,709977
1,56466,398757,711088
1,56530,399240,711933
1,56595,399724,712814
1,56603,399770,712888
1,56656,400116,713523
1,56761,400913,714897
1,56778,401045,715128
1,56812,401291,715596
1,56817,401310,715627
1,56850,401549,716066
1,56872,401712,716406
1,56894,401816,716576
1,56956,402313,717469
1,56974,402505,717791
1,56978,402542,717865
1,57088,403243,719092
1,57112,403392,719338
1,57149,403673,719901
1,57162,403773,720086
1,57209,404105,720628
1,57212,404125,720662
1,57278,404500,721329
1,57318,404802,721900
1,57322,404830,721947
1,57335,404952,722140
1,57351,405055,722321
1,57356,405078,722354
1,57363,405140,722455
1,57387,405260,722660
1,57449,405659,723372
1,57490,405943,723881
1,57500,405989,723966
1,57504,406016,724010
1,57509,406036,724042
1,57642,407020,725745
1,57645,407032,725766
1,57663,407113,725927
1,57710,407455,726538
1,57793,408044,727631
1,57865,408584,728562
1,57886,408733,728829
1,57920,409026,729358
1,57996,409543,730258
1,58002,409589,730332
1,58010,409696,730522
1,58021,409782,730680
1,58093,410247,731516
1,58166,410728,732356
1,58302,411739,734174
1,58354,412125,734877
1,58446,412757,736064
1,58448,412763,736073
1,58476,412955,736431
1,58478,412959,736438
1,58514,413215,736879
1,58570,413633,737627
1,58630,414029,738273
1,58752,414928,739910
1,58753,414929,739911
1,58764,415031,740090
1,58921,416303,742373
1,58943,416445,742617
1,58969,416667,742992
1,58987,416791,743221
1,59008,416926,743456
1,59051,417201,743935
1,59060,417254,744034
1,59135,417734,744858
1,59185,418068,745427
1,59242,418446,746106
1,59260,418575,746323
1,59332,419021,747143
1,59336,419088,747264
1,59379,419376,747785
1,59387,419408,747841
1,59418,419643,748263
1,59474,420126,749112
1,59481,420188,749234
1,59495,420272,749386
1,59518,420429,749683
1,59536,420591,749988
1,59557,420710,750185
1,59672,421567,751645
1,59711,421805,752047
1,59712,421810,752055
1,59730,421964,752334
1,59800,422478,753201
1,59860,423004,754148
1,59954,423636,755301
1,59986,423830,755618
1,60006,423980,755880
1,60068,424386,756626
1,60078,424461,756747
1,60098,424610,757006
1,60120,424753,757269
1,60138,424823,757391
1,60177,425102,757901
1,60184,425160,758014
1,60207,425308,758266
1,60257,425601,758762
1,60286,425849,759209
1,60293,425935,759380
1,60302,425978,759459
1,60337,426223,759904
1,60381,426477,760360
1,60463,427082,761419
1,60526,427477,762128
1,60548,427602,762338
1,60567,427735,762574
1,60611,428132,763303
1,60620,428194,763429
1,60627,428234,763510
1,60660,428435,763860
1,60662,428453,763888
1,60669,428501,763983
1,60722,428858,764640
1,60760,429047,764976
1,60801,429403,765643
1,60861,429866,766475
1,60878,430025,766756
1,60911,430268,767183
1,60914,430293,767220
1,60922,430349,767313
1,60955,430606,767784
1,60970,430680,767925
1,60987,430790,768138
1,61038,431112,768744
1,61054,431203,768904
1,61059,431222,768944
1,61074,431283,769046
1,61143,431745,769857
1,61156,431848,770058
1,61196,432174,770649
1,61208,432221,770738
1,61213,432260,770796
1,61287,432785,771743
1,61471,434072,774012
1,61487,434226,774292
1,61497,434275,774380
1,61506,434358,774529
1,61525,434555,774892
1,61541,434664,775085
1,61558,434754,775234
1,61633,435346,776271
1,61690,435758,776977
1,61717,435973,777354
1,61729,436074,777531
1,61743,436143,777643
1,61768,436295,777897
1,61777,436350,777983
1,61827,436688,778608
1,61855,436891,778987
1,61879,437027,779211
1,61884,437097,779346
1,61934,437497,780059
1,62018,438057,781051
1,62025,438101,781126
1,62043,438263,781418
1,62044,438271,781431
1,62080,438460,781772
1,62141,438828,782433
1,62143,438838,782454
1,62171,439100,782931
1,62176,439124,782975
1,62205,439255,783258
1,62234,439479,783648
1,62246,439541,783756
1,62284,439766,784150
1,62285,439773,784160
1,62402,440558,785591
1,62405,440575,785616
1,62408,440589,785633
1,62450,440835,786064
1,62452,440846,786083
1,62465,440938,786246
1,62468,440956,786281
1,62515,441250,786784
1,62539,441413,787092
1,62558,441535,787302
1,62614,441982,788096
1,62622,442025,788169
1,62712,442678,789373
1,62789,443338,790516
1,62828,443607,790988
1,62834,443624,791019
1,62923,444185,792033
1,62984,444614,792780
1,62990,444677,792882
1,63076,445248,793905
1,63078,445270,793946
1,63087,445318,794052
1,63173,445910,795090
1,63175,445937,795140
1,63182,445993,795251
1,63212,446268,795732
1,63323,447067,797173
1,63409,447646,798212
1,63416,447697,798300
1,63421,447715,798337
1,63476,448103,798994
1,63493,448217,799206
1,63519,448373,799490
1,63536,448464,799625
1,63560,448628,799921
1,63561,448630,799926
1,63624,449068,800730
1,63631,449127,800822
1,63669,449417,801349
1,63678,449489,801478
1,63741,450060,802500
1,63774,450305,802947
1,63802,450497,803294
1,63866,451030,804278
1,63917,451328,804825
1,63919,451333,804832
1,63987,451831,805799
1,64009,451946,806015
1,64010,451949,806018
1,64037,452136,806322
1,64061,452290,806601
1,64089,452472,806956
1,64159,452964,807824
1,64168,453020,807934
1,64208,453284,808409
1,64312,453994,809670
1,64318,454040,809759
1,64330,454117,809911
1,64337,454140,809954
1,64453,454894,811318
1,64495,455221,811880
1,64546,455515,812402
1,64564,455630,812614
1,64613,455946,813187
1,64622,455979,813238
1,64675,456295,813789
1,64695,456430,814016
1,64699,456476,814099
1,64712,456576,814267
1,64724,456666,814429
1,64761,456941,814927
1,64781,457065,815159
1,64850,457573,816072
1,64863,457687,816276
1,64917,458133,817077
1,64932,458223,817242
1,64982,458644,817943
1,65017,458870,818375
1,65076,459266,819088
1,65090,459346,819217
1,65091,459352,819226
1,65143,459707,819832
1,65177,460006,820340
1,65179,460016,820360
1,65180,460019,820366
1,65203,460215,820730
1,65208,460259,820812
1,65224,460383,821044
1,65257,460622,821479
1,65272,460776,821744
1,65283,460855,821888
1,65310,461063,822236
1,65319,461095,822293
1,65346,461285,822614
1,65352,461327,822681
1,65378,461537,823037
1,65382,461556,823069
1,65452,462071,823969
1,65557,462747,825221
1,65564,462779,825293
1,65610,463072,825835
1,65637,463250,826152
1,65713,463725,826985
1,65763,464045,827575
1,65865,464616,828636
1,65914,464943,829239
1,65942,465104,829537
1,65943,465116,829555
1,65945,465123,829566
1,65957,465186,829680
1,66011,465560,830333
1,66044,465797,830750
1,66083,466084,831239
1,66217,467060,832925
1,66320,467712,834095
1,66365,468044,834642
1,66394,468229,834975
1,66446,468562,835592
1,66484,468840,836091
1,66550,469365,837014
1,66565,469482,837242
1,66567,469499,837272
1,66570,469515,837298
1,66592,469676,837579
1,66608,469761,837733
1,66627,469945,838107
1,66717,470555,839206
1,66766,470866,839794
1,66798,471183,840380
1,66811,471246,840487
1,66845,471470,840913
1,66906,471913,841662
1,66933,472199,842170
1,66964,472419,842570
1,66970,472442,842610
1,67005,472654,843008
2,23,193,348
2,60,467,841
2,119,907,1644
2,266,1856,3349
2,274,1961,3537
2,318,2331,4236
2,330,2404,4358
2,342,2477,4495
2,449,3203,5809
2,454,3225,5857
2,477,3418,6182
2,541,3917,7091
2,551,3997,7245
2,609,4413,7942
2,628,4536,8163
2,634,4577,8228
2,654,4733,8542
2,661,4796,8661
2,663,4801,8666
2,681,4933,8928
2,684,4945,8953
2,687,4976,9007
2,691,5015,9070
2,693,5025,9083
2,708,5098,9229
2,709,5103,9237
2,713,5128,9284
2,792,5717,10303
2,810,5790,10432
2,833,6053,10890
2,836,6067,10911
2,893,6454,11616
2,952,6940,12484
2,979,7103,12766
2,1031,7490,13458
2,1065,7710,13838
2,1121,8083,14486
2,1177,8502,15254
2,1189,8611,15439
2,1193,8655,15513
2,1210,8733,15667
2,1269,9255,16603
2,1307,9501,17035
2,1400,10138,18157
2,1404,10158,18194
2,1412,10227,18326
2,1429,10322,18492
2,1485,10667,19115
2,1487,10673,19128
2,1510,10793,19352
2,1552,11087,19874
2,1581,11302,20236
2,1606,11448,20517
2,1619,11534,20656
2,1747,12282,21972
2,1778,12490,22335
2,1871,13094,23434
2,1890,13219,23661
2,1928,13487,24143
2,1933,13540,24226
2,1941,13603,24351
2,2000,14034,25122
2,2043,14387,25735
2,2069,14595,26145
2,2071,14605,26159
2,2087,14738,26392
2,2138,15134,27068
2,2144,15178,27144
2,2182,15386,27548
2,2266,16017,28686
2,2293,16189,29012
2,2295,16197,29025
2,2324,16417,29409
2,2325,16434,29435
2,2350,16589,29707
2,2413,16964,30360
2,2421,17001,30425
2,2423,17005,30429
2,2428,17045,30516
2,2460,17229,30834
2,2481,17425,31225
2,2482,17434,31241
2,2499,17625,31622
2,2506,17660,31681
2,2527,17848,32032
2,2580,18270,32803
2,2585,18323,32890
2,2590,18377,32973
2,2607,18466,33128
2,2646,18735,33596
2,2647,18744,33615
2,2779,19870,35628
2,2817,20094,35990
2,2825,20154,36088
2,2895,20617,36870
2,2991,21336,38127
2,3021,21580,38570
2,3096,22145,39567
2,3189,22854,40864
2,3225,23155,41382
2,3251,23355,41755
2,3346,23957,42839
2,3360,24066,43023
2,3366,24100,43091
2,3395,24282,43438
2,3409,24384,43629
2,3410,24394,43651
2,3425,24576,43959
2,3426,24577,43960
2,3475,24882,44491
2,3478,24916,44547
2,3544,25413,45432
2,3561,25544,45659
2,3601,25799,46127
2,3635,26041,46537
2,3694,26416,47165
2,3730,26656,47598
2,3734,26669,47620
2,3756,26781,47813
2,3766,26830,47905
2,3786,27009,48221
2,3815,27222,48564
2,3832,27320,48743
2,3839,27380,48836
2,3852,27474,48993
2,3859,27499,49034
2,3922,27898,49818
2,3954,28122,50232
2,3970,28251,50488
2,3981,28296,50571
2,3990,28376,50721
2,4063,28848,51594
2,4069,28879,51643
2,4153,29447,52699
2,4158,29518,52829
2,4168,29606,52989
2,4178,29693,53132
2,4179,29702,53148
2,4236,30054,53764
2,4306,30574,54679
2,4312,30639,54792
2,4321,30682,54863
2,4400,31153,55748
2,4406,31187,55803
2,4462,31583,56493
2,4470,31669,56637
2,4494,31794,56871
2,4523,32022,57317
2,4570,32258,57729
2,4617,32667,58453
2,4702,33237,59471
2,4716,33339,59653
2,4757,33564,60057
2,4807,33863,60585
2,4849,34156,61157
2,4891,34499,61759
2,4894,34538,61824
2,4898,34555,61857
2,4984,35125,62893
2,5002,35285,63160
2,5077,35820,64121
2,5122,36213,64801
2,5181,36629,65555
2,5185,36638,65579
2,5204,36748,65764
2,5214,36819,65897
2,5277,37352,66846
2,5281,37382,66898
2,5312,37605,67293
2,5324,37684,67436
2,5355,37899,67815
2,5487,38783,69382
2,5662,39975,71477
2,5663,39993,71506
2,5685,40119,71728
2,5704,40255,71989
2,5916,41727,74621
2,5919,41738,74642
2,5975,42035,75163
2,5986,42099,75283
2,6028,42405,75861
2,6070,42756,76452
2,6192,43563,77887
2,6266,44207,79050
2,6316,44573,79723
2,6355,44827,80180
2,6364,44922,80347
2,6369,44962,80401
2,6373,44986,80442
2,6399,45148,80720
2,6410,45266,80934
2,6524,45993,82197
2,6582,46384,82913
2,6595,46460,83035
2,6612,46586,83258
2,6613,46595,83274
2,6625,46672,83409
2,6628,46698,83468
2,6699,47141,84312
2,6716,47243,84492
2,6721,47296,84609
2,6728,47363,84736
2,6755,47572,85107
2,6807,47941,85783
2,6821,48056,86006
2,6870,48377,86612
2,6871,48378,86613
2,6906,48667,87144
2,6940,48882,87518
2,6953,48977,87671
2,7008,49378,88393
2,7009,49387,88405
2,7010,49389,88410
2,7037,49623,88847
2,7059,49777,89120
2,7106,50026,89531
2,7150,50367,90133
2,7207,50800,90894
2,7211,50812,90916
2,7226,50963,91181
2,7240,51068,91375
2,7247,51123,91477
2,7268,51310,91822
2,7299,51527,92221
2,7326,51729,92587
2,7337,51835,92778
2,7369,52047,93181
2,7399,52318,93687
2,7438,52608,94206
2,7441,52628,94240
2,7465,52783,94554
2,7478,52887,94748
2,7523,53184,95289
2,7563,53511,95871
2,7571,53552,95937
2,7659,54204,97085
2,7661,54215,97106
2,7702,54566,97726
2,7752,54875,98257
2,7791,55149,98732
2,7840,55425,99203
2,7849,55499,99347
2,7879,55712,99715
2,7939,56147,100472
2,7965,56268,100720
2,7995,56492,101122
2,7996,56507,101149
2,8072,57053,102101
2,8083,57150,102255
2,8100,57232,102406
2,8146,57528,102940
2,8184,57788,103402
2,8193,57850,103517
2,8199,57890,103595
2,8223,58070,103901
2,8242,58199,104140
2,8266,58366,104425
2,8277,58443,104553
2,8294,58563,104761
2,8295,58564,104763
2,8301,58654,104912
2,8304,58676,104957
2,8331,58829,105240
2,8373,59107,105774
2,8410,59366,106237
2,8454,59690,106823
2,8462,59723,106882
2,8539,60327,107959
2,8569,60543,108333
2,8574,60575,108398
2,8601,60762,108752
2,8616,60872,108947
2,8691,61444,109956
2,8692,61447,109960
2,8770,62017,111022
2,8789,62168,111277
2,8865,62733,112249
2,8902,63023,112800
2,8904,63034,112817
2,8930,63212,113136
2,9021,63875,114213
2,9032,63945,114332
2,9045,64000,114428
2,9052,64051,114519
2,9059,64120,114633
2,9083,64276,114908
2,9140,64755,115733
2,9147,64809,115834
2,9175,65029,116236
2,9186,65079,116326
2,9199,65213,116557
2,9204,65233,116596
2,9231,65451,116981
2,9276,65806,117598
2,9325,66160,118202
2,9337,66243,118335
2,9339,66246,118341
2,9424,66908,119550
2,9440,67034,119765
2,9489,67339,120332
2,9521,67541,120719
2,9619,68119,121684
2,9630,68208,121852
2,9708,68809,122943
2,9736,68977,123229
2,9810,69417,123989
2,9900,70016,125068
2,9911,70104,125212
2,9925,70254,125493
2,9926,70258,125497
2,9953,70491,125916
2,9970,70637,126197
2,10043,71160,127123
2,10104,71590,127896
2,10117,71662,128018
2,10149,71877,128387
2,10180,72130,128816
2,10225,72467,129388
2,10281,72799,129976
2,10297,72916,130175
2,10317,73028,130369
2,10340,73176,130626
2,10359,73307,130835
2,10417,73678,131489
2,10423,73712,131543
2,10426,73729,131567
2,10456,73956,131944
2,10468,74056,132127
2,10509,74403,132762
2,10524,74496,132935
2,10547,74642,133199
2,10553,74669,133242
2,10654,75465,134595
2,10658,75479,134621
2,10671,75597,134838
2,10763,76257,135996
2,10770,76292,136057
2,10848,76942,137270
2,10859,77056,137508
2,10991,78019,139228
2,11050,78372,139886
2,11098,78794,140692
2,11109,78851,140789
2,11110,78861,140809
2,11142,79015,141085
2,11157,79146,141336
2,11185,79373,141763
2,11243,79768,142465
2,11246,79786,142502
2,11276,79944,142771
2,11369,80613,143950
2,11403,80827,144344
2,11415,80908,144495
2,11478,81344,145256
2,11480,81367,145305
2,11488,81412,145385
2,11496,81487,145503
2,11564,82036,146478
2,11619,82393,147125
2,11624,82410,147147
2,11631,82465,147258
2,11665,82762,147798
2,11734,83238,148637
2,11763,83434,149002
2,11894,84287,150535
2,11900,84306,150573
2,11948,84618,151125
2,11997,84904,151630
2,12030,85154,152055
2,12033,85176,152091
2,12041,85251,152225
2,12104,85670,152937
2,12107,85694,152991
2,12210,86393,154230
2,12223,86467,154354
2,12224,86468,154355
2,12372,87646,156489
2,12386,87717,156620
2,12390,87744,156658
2,12391,87748,156666
2,12438,88104,157283
2,12440,88125,157313
2,12461,88327,157689
2,12507,88626,158197
2,12538,88806,158493
2,12576,89127,159070
2,12591,89228,159232
2,12595,89263,159288
2,12637,89529,159758
2,12676,89759,160162
2,12706,89964,160528
2,12709,89981,160556
2,12767,90433,161350
2,12770,90449,161379
2,12779,90514,161484
2,12936,91651,163506
2,12938,91661,163521
2,12947,91717,163620
2,12990,91989,164093
2,12995,92008,164125
2,13009,92129,164331
2,13013,92171,164403
2,13034,92335,164717
2,13075,92640,165279
2,13131,93060,165990
2,13142,93141,166137
2,13195,93512,166852
2,13202,93537,166891
2,13221,93664,167117
2,13314,94181,168064
2,13316,94183,168066
2,13342,94335,168340
2,13347,94377,168422
2,13481,95440,170248
2,13524,95677,170687
2,13589,96147,171541
2,13640,96551,172238
2,13659,96704,172529
2,13669,96749,172610
2,13682,96853,172810
2,13715,97060,173195
2,13742,97210,173468
2,13753,97266,173571
2,13756,97299,173633
2,13790,97535,174044
2,13794,97547,174069
2,13820,97757,174447
2,13834,97854,174640
2,13868,98063,174997
2,13880,98165,175166
2,13896,98241,175305
2,13942,98618,176024
2,13945,98637,176059
2,14008,99204,177113
2,14033,99375,177433
2,14053,99509,177665
2,14055,99520,177682
2,14100,99860,178281
2,14129,100069,178652
2,14173,100349,179154
2,14236,100741,179842
2,14260,100966,180223
2,14296,101192,180625
2,14327,101400,181020
2,14381,101813,181747
2,14420,102087,182208
2,14492,102596,183070
2,14550,103051,183841
2,14561,103124,183970
2,14681,104013,185587
2,14782,104765,186958
2,15001,106278,189663
2,15020,106363,189812
2,15091,106826,190650
2,15096,106851,190693
2,15109,106940,190844
2,15118,106986,190909
2,15200,107485,191799
2,15211,107521,191872
2,15227,107627,192043
2,15239,107697,192182
2,15248,107777,192328
2,15286,108029,192800
2,15296,108082,192893
2,15311,108205,193126
2,15348,108500,193653
2,15377,108734,194085
2,15387,108810,194213
2,15396,108866,194306
2,15430,109051,194624
2,15459,109341,195136
2,15483,109505,195426
2,15500,109619,195632
2,15520,109825,195978
2,15529,109892,196095
2,15564,110140,196551
2,15597,110379,196968
2,15615,110522,197212
2,15622,110588,197327
2,15631,110638,197407
2,15682,110987,198026
2,15729,111311,198575
2,15736,111371,198699
2,15754,111508,198944
2,15863,112295,200397
2,15877,112382,200549
2,15887,112425,200638
2,15926,112660,201060
2,15965,112991,201620
2,15994,113174,201932
2,16021,113321,202198
2,16100,113763,202990
2,16135,114037,203474
2,16140,114076,203533
2,16151,114160,203687
2,16184,114436,204186
2,16211,114602,204463
2,16236,114759,204749
2,16300,115183,205497
2,16302,115191,205510
2,16315,115242,205594
2,16325,115292,205683
2,16343,115432,205937
2,16395,115811,206602
2,16406,115890,206728
2,16415,115968,206850
2,16481,116402,207588
2,16482,116404,207591
2,16497,116499,207764
2,16505,116569,207875
2,16510,116594,207931
2,16533,116711,208153
2,16656,117591,209703
2,16663,117642,209791
2,16667,117686,209867
2,16713,118048,210507
2,16771,118526,211381
2,16781,118598,211522
2,16822,118848,211960
2,16836,118954,212149
2,16838,118974,212184
2,16882,119328,212795
2,16920,119632,213325
2,16966,119942,213935
2,17032,120344,214697
2,17049,120453,214894
2,17051,120463,214908
2,17067,120590,215141
2,17109,120863,215622
2,17144,121144,216136
2,17154,121204,216246
2,17175,121332,216447
2,17217,121584,216887
2,17265,121884,217428
2,17288,122018,217660
2,17289,122019,217661
2,17307,122100,217800
2,17319,122173,217931
2,17350,122403,218343
2,17381,122584,218684
2,17530,123600,220468
2,17606,124206,221554
2,17651,124471,222012
2,17685,124778,222517
2,17686,124780,222523
2,17699,124895,222701
2,17703,124940,222773
2,17711,125027,222947
2,17741,125191,223240
2,17803,125595,223921
2,17812,125632,223999
2,17855,125958,224593
2,17872,126052,224774
2,17879,126118,224874
2,17905,126262,225126
2,17964,126611,225709
2,17992,126795,226043
2,18028,127119,226619
2,18044,127237,226844
2,18052,127296,226947
2,18058,127332,227004
2,18120,127780,227803
2,18130,127866,227944
2,18158,128101,228372
2,18173,128234,228616
2,18288,129085,230135
2,18303,129190,230320
2,18311,129239,230428
2,18326,129346,230591
2,18333,129400,230668
2,18366,129609,231013
2,18405,129912,231558
2,18413,129994,231692
2,18425,130073,231827
2,18486,130540,232665
2,18488,130547,232674
2,18537,130865,233240
2,18551,130959,233409
2,18574,131099,233654
2,18647,131662,234612
2,18664,131789,234835
2,18781,132589,236257
2,18796,132669,236397
2,18948,133670,238219
2,18991,133974,238762
2,18993,133984,238773
2,19089,134515,239711
2,19143,134907,240369
2,19153,134980,240494
2,19159,134992,240514
2,19185,135148,240794
2,19214,135362,241187
2,19263,135743,241858
2,19355,136373,243038
2,19410,136736,243704
2,19435,136889,243980
2,19571,137882,245720
2,19576,137917,245779
2,19615,138193,246278
2,19626,138277,246434
2,19695,138700,247192
2,19745,139055,247768
2,19800,139463,248524
2,19810,139496,248586
2,19828,139617,248815
2,19847,139712,248980
2,19858,139786,249103
2,19862,139813,249158
2,19895,140071,249594
2,19904,140123,249705
2,19992,140755,250853
2,20099,141556,252307
2,20206,142446,253879
2,20228,142653,254250
2,20276,142981,254854
2,20308,143156,255170
2,20311,143179,255204
2,20315,143212,255260
2,20375,143618,255951
2,20421,143929,256538
2,20423,143941,256559
2,20446,144112,256851
2,20454,144152,256927
2,20513,144581,257719
2,20526,144682,257890
2,20544,144815,258147
2,20558,144902,258297
2,20617,145369,259138
2,20869,146926,261985
2,20915,147207,262470
2,20917,147220,262498
2,20945,147504,262994
2,20967,147660,263259
2,20985,147782,263487
2,21004,147928,263738
2,21065,148338,264465
2,21147,148900,265511
2,21228,149487,266575
2,21279,149799,267144
2,21280,149805,267157
2,21304,149963,267443
2,21305,149965,267449
2,21313,150064,267623
2,21387,150478,268384
2,21391,150490,268400
2,21401,150569,268533
2,21414,150663,268705
2,21460,151031,269371
2,21550,151590,270394
2,21564,151717,270612
2,21574,151801,270768
2,21631,152131,271391
2,21685,152429,271931
2,21702,152563,272168
2,21744,152890,272818
2,21848,153604,274093
2,21856,153634,274147
2,21889,153875,274593
2,21914,154009,274824
2,21923,154106,275005
2,21941,154280,275316
2,21973,154534,275765
2,21988,154693,276059
2,22037,155073,276732
2,22039,155080,276748
2,22051,155142,276869
2,22122,155615,277719
2,22148,155803,278042
2,22155,155849,278121
2,22168,155962,278327
2,22208,156206,278798
2,22295,156751,279795
2,22321,156919,280098
2,22332,156996,280218
2,22358,157178,280544
2,22389,157406,280973
2,22392,157419,280995
2,22417,157605,281331
2,22455,157865,281821
2,22476,158000,282057
2,22557,158644,283187
2,22673,159504,284792
2,22677,159530,284835
2,22685,159612,284972
2,22725,159860,285397
2,22743,159964,285604
2,22753,160021,285706
2,22787,160176,285972
2,22821,160403,286373
2,22861,160699,286910
2,22864,160712,286933
2,22865,160714,286936
2,22947,161241,287851
2,22970,161385,288108
2,23005,161685,288632
2,23054,162069,289346
2,23087,162306,289779
2,23123,162573,290244
2,23130,162624,290329
2,23131,162628,290336
2,23145,162752,290542
2,23200,163247,291397
2,23203,163265,291427
2,23243,163581,291988
2,23251,163620,292065
2,23252,163622,292072
2,23263,163731,292264
2,23289,163928,292647
2,23307,164084,292948
2,23372,164557,293787
2,23380,164622,293887
2,23411,164903,294368
2,23498,165570,295493
2,23545,165962,296211
2,23566,166145,296573
2,23587,166242,296744
2,23599,166331,296932
2,23638,166606,297402
2,23641,166627,297436
2,23662,166748,297655
2,23674,166837,297811
2,23680,166868,297870
2,23721,167187,298412
2,23726,167232,298496
2,23734,167303,298631
2,23743,167372,298747
2,23755,167460,298910
2,23769,167573,299117
2,23810,167844,299598
2,23899,168479,300764
2,23900,168483,300774
2,23918,168621,301005
2,24026,169448,302440
2,24049,169597,302704
2,24115,170115,303667
2,24172,170512,304375
2,24227,170864,304999
2,24301,171335,305860
2,24365,171813,306681
2,24375,171874,306793
2,24427,172202,307424
2,24449,172341,307684
2,24475,172565,308108
2,24531,172930,308788
2,24540,172989,308887
2,24574,173262,309404
2,24581,173288,309453
2,24591,173360,309585
2,24610,173501,309832
2,24641,173715,310203
2,24642,173718,310207
2,24771,174703,311970
2,24783,174789,312112
2,24805,174928,312352
2,24814,174980,312444
2,24849,175253,312931
2,24853,175287,312980
2,24923,175709,313723
2,25036,176516,315154
2,25072,176841,315734
2,25127,177194,316355
2,25143,177280,316520
2,25249,177994,317795
2,25254,178036,317870
2,25255,178038,317874
2,25294,178355,318440
2,25343,178717,319097
2,25371,178936,319493
2,25383,179039,319676
2,25417,179269,320085
2,25430,179352,320243
2,25431,179365,320265
2,25529,179999,321365
2,25594,180463,322239
2,25606,180541,322379
2,25627,180686,322639
2,25655,180854,322927
2,25731,181383,323849
2,25791,181837,324672
2,25792,181843,324679
2,25812,181980,324923
2,25833,182117,325176
2,25839,182178,325293
2,25840,182179,325294
2,25940,182778,326376
2,26036,183366,327383
2,26088,183733,327959
2,26132,184030,328493
2,26155,184154,328726
2,26176,184253,328884
2,26200,184443,329210
2,26223,184638,329568
2,26287,185128,330424
2,26302,185300,330730
2,26384,185830,331680
2,26393,185896,331806
2,26440,186223,332346
2,26441,186228,332356
2,26476,186481,332831
2,26510,186672,333216
2,26520,186750,333346
2,26574,187153,334090
2,26576,187165,334108
2,26616,187439,334623
2,26663,187789,335197
2,26775,188688,336794
2,26800,188884,337172
2,26815,188997,337367
2,26818,189008,337387
2,26824,189043,337456
2,26840,189131,337613
2,26853,189291,337926
2,26873,189428,338148
2,26922,189741,338710
2,26925,189773,338761
2,26944,189901,338990
2,26960,190018,339217
2,27012,190335,339762
2,27021,190406,339885
2,27036,190528,340087
2,27090,190890,340760
2,27112,191052,341054
2,27141,191241,341390
2,27172,191495,341856
2,27227,191850,342472
2,27264,192104,342931
2,27295,192292,343279
2,27306,192354,343369
2,27358,192730,344029
2,27388,192957,344418
2,27431,193223,344896
2,27466,193531,345421
2,27569,194249,346714
2,27597,194464,347082
2,27640,194793,347660
2,27657,194930,347893
2,27695,195149,348293
2,27757,195494,348895
2,27835,195919,349659
2,27907,196400,350479
2,27942,196635,350913
2,27968,196865,351345
2,27973,196889,351391
2,28023,197246,352024
2,28039,197369,352229
2,28058,197518,352481
2,28061,197536,352515
2,28132,198121,353547
2,28189,198525,354262
2,28200,198689,354551
2,28216,198791,354715
2,28235,198894,354901
2,28255,199007,355092
2,28281,199193,355445
2,28297,199320,355667
2,28394,199960,356772
2,28439,200260,357312
2,28441,200279,357343
2,28444,200299,357385
2,28447,200305,357400
2,28476,200530,357834
2,28491,200610,357988
2,28504,200679,358113
2,28517,200785,358300
2,28529,200851,358395
2,28556,201058,358767
2,28586,201322,359246
2,28695,202050,360550
2,28722,202315,361012
2,28732,202408,361163
2,28846,203252,362699
2,28893,203599,363325
2,28907,203700,363507
2,29042,204561,365065
2,29082,204969,365770
2,29163,205637,366988
2,29189,205837,367352
2,29201,205944,367539
2,29241,206264,368143
2,29255,206384,368361
2,29257,206410,368412
2,29306,206722,368974
2,29328,206910,369360
2,29332,206953,369447
2,29375,207268,369979
2,29397,207443,370305
2,29407,207503,370420
2,29421,207581,370575
2,29643,209318,373862
2,29705,209779,374690
2,29752,210161,375397
2,29774,210327,375667
2,29777,210341,375692
2,29781,210373,375760
2,29909,211230,377333
2,29911,211249,377360
2,29971,211739,378218
2,30030,212133,378886
2,30051,212306,379214
2,30057,212353,379297
2,30097,212641,379788
2,30142,212951,380329
2,30143,212992,380404
2,30146,213010,380441
2,30172,213183,380737
2,30174,213202,380774
2,30216,213456,381194
2,30232,213539,381334
2,30238,213581,381413
2,30246,213642,381539
2,30257,213695,381629
2,30321,214084,382280
2,30322,214086,382285
2,30425,214931,383750
2,30442,215083,384011
2,30445,215106,384054
2,30472,215256,384342
2,30476,215264,384353
2,30517,215523,384817
2,30641,216338,386239
2,30647,216373,386301
2,30660,216480,386511
2,30695,216731,386960
2,30702,216778,387042
2,30768,217334,387992
2,30788,217432,388179
2,30792,217459,388233
2,30795,217475,388264
2,30851,217795,388834
2,30871,217990,389169
2,30893,218118,389391
2,30896,218128,389405
2,30941,218374,389844
2,30950,218452,389999
2,31008,218853,390720
2,31015,218886,390771
2,31041,219022,390998
2,31058,219205,391329
2,31077,219340,391573
2,31106,219536,391939
2,31109,219549,391963
2,31127,219704,392246
2,31173,220039,392806
2,31182,220109,392934
2,31218,220400,393465
2,31243,220592,393807
2,31261,220720,394038
2,31304,221024,394544
2,31326,221169,394799
2,31379,221532,395417
2,31385,221572,395501
2,31395,221651,395655
2,31398,221698,395743
2,31413,221805,395958
2,31503,222445,397088
2,31543,222718,397588
2,31583,223014,398096
2,31605,223204,398454
2,31628,223405,398821
2,31679,223780,399492
2,31714,223985,399848
2,31772,224373,400501
2,31791,224454,400644
2,31808,224628,400941
2,31812,224655,400993
2,31846,224895,401406
2,31875,225078,401756
2,31877,225090,401776
2,31885,225143,401876
2,31948,225520,402553
2,31986,225853,403142
2,32031,226161,403694
2,32035,226188,403739
2,32058,226342,403997
2,32113,226683,404623
2,32145,226829,404893
2,32168,227019,405239
2,32208,227331,405809
2,32225,227427,405985
2,32247,227603,406281
2,32274,227785,406614
2,32296,227910,406830
2,32317,228093,407150
2,32336,228210,407360
2,32369,228539,407935
2,32407,228860,408487
2,32422,228982,408707
2,32487,229439,409522
2,32500,229528,409687
2,32507,229598,409825
2,32539,229809,410209
2,32619,230391,411261
2,32666,230772,411925
2,32751,231345,412930
2,32762,231429,413091
2,32764,231462,413145
2,32769,231515,413239
2,32775,231570,413354
2,32796,231772,413735
2,32805,231815,413821
2,32807,231823,413837
2,32845,232059,414272
2,32884,232413,414881
2,32894,232459,414964
2,32907,232516,415068
2,32931,232646,415303
2,32959,232838,415644
2,33042,233426,416709
2,33043,233435,416721
2,33045,233440,416729
2,33055,233503,416861
2,33062,233537,416914
2,33187,234426,418509
2,33194,234488,418609
2,33204,234587,418772
2,33222,234688,418942
2,33293,235164,419757
2,33323,235388,420188
2,33350,235556,420501
2,33374,235760,420865
2,33445,236218,421672
2,33493,236576,422287
2,33526,236796,422673
2,33577,237128,423282
2,33662,237740,424426
2,33697,237951,424807
2,33716,238045,424964
2,33738,238242,425301
2,33773,238580,425919
2,33776,238592,425949
2,33790,238699,426158
2,33815,238946,426592
2,33819,238960,426615
2,33828,239056,426784
2,33844,239187,427002
2,33855,239262,427140
2,33925,239725,427958
2,33929,239761,428036
2,33941,239856,428190
2,34005,240286,428941
2,34029,240428,429206
2,34033,240434,429220
2,34073,240691,429679
2,34118,241073,430343
2,34129,241152,430490
2,34200,241673,431426
2,34209,241746,431555
2,34232,241910,431856
2,34264,242172,432307
2,34309,242554,432977
2,34318,242599,433049
2,34344,242724,433266
2,34374,242988,433739
2,34416,243341,434313
2,34435,243493,434578
2,34530,244133,435731
2,34558,244382,436160
2,34636,245010,437283
2,34662,245188,437591
2,34745,245736,438607
2,34759,245816,438759
2,34835,246305,439641
2,34852,246468,439910
2,34905,246887,440668
2,34915,246964,440817
2,34932,247082,441017
2,34948,247201,441236
2,34951,247233,441296
2,34957,247270,441353
2,35016,247693,442095
2,35027,247769,442218
2,35092,248202,442964
2,35104,248258,443061
2,35125,248371,443282
2,35145,248490,443505
2,35192,248778,444018
2,35200,248820,444090
2,35228,248944,444305
2,35234,248992,444403
2,35365,249998,446181
2,35369,250043,446270
2,35392,250184,446514
2,35421,250395,446862
2,35447,250556,447129
2,35496,250909,447754
2,35498,250925,447775
2,35636,251875,449482
2,35678,252224,450087
2,35696,252342,450284
2,35726,252481,450524
2,35736,252529,450597
2,35796,252946,451357
2,35804,252984,451412
2,35835,253250,451889
2,35836,253255,451900
2,35850,253425,452198
2,35859,253503,452335
2,35883,253678,452628
2,35928,253948,453098
2,35934,253967,453138
2,36047,254698,454436
2,36113,255211,455326
2,36141,255429,455736
2,36158,255633,456108
2,36193,255871,456535
2,36209,255992,456770
2,36282,256518,457698
2,36311,256663,457964
2,36331,256794,458200
2,36367,257084,458724
2,36453,257658,459753
2,36548,258296,460901
2,36648,258989,462130
2,36767,259868,463731
2,36771,259889,463767
2,36826,260251,464393
2,36832,260309,464505
2,36838,260362,464589
2,36845,260416,464690
2,36869,260539,464929
2,36887,260658,465134
2,36893,260702,465210
2,36932,260954,465642
2,36940,261049,465810
2,36955,261131,465967
2,36961,261167,466033
2,36976,261247,466150
2,37015,261582,466778
2,37020,261626,466869
2,37109,262222,467939
2,37155,262538,468484
2,37165,262629,468641
2,37200,262850,469081
2,37232,263030,469395
2,37315,263637,470512
2,37322,263687,470592
2,37363,264001,471169
2,37368,264049,471264
2,37376,264087,471343
2,37432,264485,472079
2,37463,264746,472516
2,37507,265047,473071
2,37571,265489,473924
2,37621,265829,474526
2,37701,266462,475683
2,37723,266630,476000
2,37773,267116,476887
2,37803,267401,477388
2,37828,267569,477689
2,37829,267586,477715
2,37898,268054,478545
2,37902,268097,478607
2,37970,268632,479566
2,37990,268798,479866
2,38020,269053,480307
2,38164,270037,482102
2,38281,270970,483740
2,38335,271275,484299
2,38353,271443,484591
2,38374,271603,484869
2,38405,271795,485208
2,38441,272004,485596
2,38462,272155,485861
2,38465,272185,485916
2,38522,272602,486652
2,38544,272756,486915
2,38559,272888,487166
2,38585,273017,487419
2,38615,273265,487886
2,38693,273835,488866
2,38722,274138,489422
2,38734,274251,489625
2,38813,274865,490693
2,38975,276021,492723
2,39024,276342,493300
2,39030,276413,493427
2,39045,276508,493598
2,39094,276801,494125
2,39100,276847,494203
2,39135,277110,494649
2,39136,277113,494655
2,39150,277191,494783
2,39214,277664,495662
2,39332,278517,497182
2,39358,278692,497486
2,39431,279217,498421
2,39521,279908,499648
2,39527,279931,499686
2,39551,280106,499987
2,39563,280184,500124
2,39575,280262,500285
2,39597,280373,500447
2,39629,280599,500868
2,39654,280728,501085
2,39706,281047,501662
2,39750,281303,502126
2,39789,281593,502665
2,39805,281663,502802
2,39854,282031,503459
2,39871,282125,503637
2,39884,282239,503834
2,39908,282410,504123
2,39972,282932,505074
2,40067,283642,506298
2,40074,283691,506405
2,40087,283807,506610
2,40170,284403,507651
2,40209,284698,508155
2,40214,284714,508186
2,40256,285058,508779
2,40264,285091,508837
2,40278,285184,508989
2,40287,285216,509054
2,40356,285737,509951
2,40357,285743,509961
2,40425,286274,510909
2,40433,286331,511001
2,40503,286741,511759
2,40617,287528,513110
2,40633,287621,513266
2,40672,287897,513743
2,40684,288018,513939
2,40724,288302,514452
2,40769,288567,514896
2,40776,288621,514989
2,40779,288643,515032
2,40845,289111,515840
2,40898,289509,516527
2,40900,289518,516548
2,40903,289550,516615
2,40939,289777,517056
2,40970,289986,517429
2,40977,290062,517571
2,41008,290260,517957
2,41059,290548,518509
2,41082,290698,518761
2,41100,290826,518978
2,41139,291068,519434
2,41148,291160,519599
2,41211,291549,520296
2,41226,291647,520449
2,41288,292147,521376
2,41334,292441,521895
2,41379,292701,522355
2,41386,292734,522410
2,41391,292780,522490
2,41423,292988,522885
2,41445,293133,523139
2,41475,293301,523444
2,41486,293393,523610
2,41507,293541,523884
2,41513,293591,523979
2,41560,293911,524564
2,41580,294034,524786
2,41622,294272,525177
2,41634,294375,525346
2,41658,294585,525706
2,41697,294905,526289
2,41736,295215,526832
2,41757,295356,527082
2,41782,295507,527365
2,41788,295564,527454
2,41791,295597,527515
2,41793,295609,527537
2,41810,295724,527735
2,41825,295840,527937
2,41828,295846,527945
2,41889,296231,528648
2,41907,296355,528849
2,41912,296394,528915
2,41929,296572,529227
2,41930,296573,529228
2,41993,297020,529989
2,42005,297097,530131
2,42008,297112,530155
2,42035,297336,530585
2,42101,297769,531319
2,42105,297817,531400
2,42109,297844,531445
2,42123,297928,531589
2,42187,298390,532450
2,42207,298558,532730
2,42244,298843,533235
2,42263,298990,533495
2,42279,299109,533701
2,42330,299497,534375
2,42441,300293,535819
2,42451,300362,535955
2,42550,300953,537016
2,42641,301631,538210
2,42676,301883,538634
2,42683,301908,538677
2,42704,302076,538952
2,42775,302591,539883
2,42792,302670,540032
2,42799,302712,540110
2,42843,303061,540696
2,42864,303194,540905
2,42869,303219,540948
2,42898,303431,541316
2,42906,303477,541407
2,42917,303542,541509
2,42942,303698,541803
2,43004,304123,542549
2,43038,304356,542964
2,43075,304657,543492
2,43147,305089,544275
2,43168,305243,544584
2,43184,305377,544805
2,43214,305580,545155
2,43248,305907,545764
2,43285,306210,546329
2,43331,306590,547018
2,43345,306706,547233
2,43376,306916,547574
2,43385,306977,547715
2,43436,307362,548403
2,43441,307390,548447
2,43447,307442,548542
2,43454,307463,548573
2,43657,308992,551289
2,43665,309064,551399
2,43683,309161,551567
2,43854,310350,553624
2,43855,310362,553650
2,43884,310616,554118
2,43912,310841,554492
2,43955,311203,555121
2,43967,311278,555247
2,43982,311393,555444
2,43999,311512,555639
2,44152,312495,557381
2,44163,312572,557530
2,44198,312815,557975
2,44215,312944,558207
2,44224,313044,558392
2,44233,313122,558549
2,44335,314034,560182
2,44384,314363,560771
2,44420,314628,561250
2,44442,314773,561500
2,44547,315426,562636
2,44643,316216,564084
2,44656,316323,564257
2,44683,316563,564679
2,44715,316818,565146
2,44719,316839,565176
2,44789,317269,565905
2,44812,317435,566225
2,44821,317490,566335
2,44876,317919,567117
2,44922,318294,567769
2,44956,318546,568225
2,45089,319465,569854
2,45121,319709,570293
2,45135,319811,570484
2,45164,320005,570832
2,45165,320009,570841
2,45197,320234,571258
2,45300,320892,572417
2,45341,321178,572934
2,45398,321551,573570
2,45434,321742,573937
2,45461,321913,574221
2,45478,322050,574463
2,45488,322109,574567
2,45491,322115,574577
2,45507,322234,574806
2,45550,322613,575433
2,45556,322647,575493
2,45569,322750,575670
2,45617,323047,576182
2,45645,323245,576517
2,45671,323505,576968
2,45696,323704,577314
2,45749,324141,578071
2,45764,324214,578213
2,45785,324347,578451
2,45826,324581,578869
2,46063,326179,581671
2,46080,326301,581875
2,46238,327342,583768
2,46240,327349,583781
2,46286,327679,584387
2,46394,328388,585616
2,46395,328391,585621
2,46398,328397,585634
2,46427,328620,586027
2,46428,328622,586030
2,46467,328984,586659
2,46636,330314,589026
2,46706,330807,589889
2,46749,331195,590567
2,46795,331484,591059
2,46818,331662,591367
2,46832,331750,591523
2,46839,331814,591637
2,46856,331892,591766
2,46955,332499,592807
2,47040,333120,593883
2,47111,333721,594962
2,47117,333764,595027
2,47150,334057,595565
2,47176,334238,595902
2,47189,334356,596107
2,47197,334435,596250
2,47209,334522,596394
2,47214,334567,596468
2,47283,335117,597515
2,47356,335608,598373
2,47388,335822,598735
2,47389,335827,598743
2,47395,335881,598844
2,47400,335900,598871
2,47409,335980,598996
2,47492,336589,600078
2,47501,336626,600132
2,47541,336819,600491
2,47648,337552,601841
2,47662,337617,601968
2,47671,337690,602096
2,47762,338369,603252
2,47773,338450,603403
2,47775,338463,603429
2,47851,339125,604569
2,47914,339574,605390
2,47957,339851,605891
2,47962,339876,605927
2,47981,340016,606187
2,48003,340196,606504
2,48011,340268,606627
2,48120,341081,608021
2,48123,341092,608049
2,48220,341780,609211
2,48239,341928,609454
2,48246,342021,609612
2,48284,342314,610132
2,48300,342364,610204
2,48328,342519,610470
2,48340,342621,610655
2,48372,342851,611054
2,48387,342957,611257
2,48392,343004,611334
2,48406,343091,611482
2,48414,343129,611547
2,48426,343207,611696
2,48444,343364,611977
2,48474,343603,612379
2,48480,343660,612473
2,48524,343939,612983
2,48543,344049,613164
2,48556,344164,613362
2,48604,344444,613875
2,48625,344573,614090
2,48635,344685,614289
2,48660,344895,614649
2,48687,345072,614974
2,48695,345140,615078
2,48725,345456,615687
2,48733,345498,615760
2,48748,345567,615880
2,48765,345687,616081
2,48777,345748,616196
2,48789,345816,616308
2,48797,345869,616397
2,48811,345975,616596
2,48860,346238,617078
2,48868,346295,617200
2,48914,346629,617810
2,48942,346801,618103
2,48960,346913,618311
2,49002,347178,618828
2,49023,347302,619032
2,49093,347812,619907
2,49095,347823,619925
2,49102,347849,619973
2,49188,348495,621118
2,49192,348526,621175
2,49206,348630,621384
2,49266,349025,622062
2,49269,349041,622089
2,49278,349099,622187
2,49282,349128,622230
2,49300,349238,622411
2,49398,349876,623535
2,49401,349882,623543
2,49431,350088,623924
2,49464,350274,624268
2,49542,350949,625501
2,49547,350974,625553
2,49579,351187,625939
2,49635,351499,626523
2,49650,351586,626668
2,49770,352351,628033
2,49813,352647,628595
2,49832,352818,628920
2,49843,352860,628985
2,49865,353009,629257
2,49886,353160,629514
2,49927,353470,630046
2,49929,353499,630101
2,49976,353817,630683
2,50034,354333,631606
2,50064,354543,631976
2,50093,354780,632417
2,50135,355046,632904
2,50140,355083,632972
2,50166,355290,633313
2,50192,355491,633677
2,50199,355529,633753
2,50294,356158,634844
2,50312,356291,635068
2,50397,357004,636294
2,50398,357013,636308
2,50421,357177,636590
2,50427,357222,636676
2,50498,357640,637429
2,50544,357977,638035
2,50549,357998,638076
2,50554,358013,638105
2,50654,358815,639555
2,50692,359080,640013
2,50695,359096,640045
2,50705,359195,640232
2,50712,359224,640288
2,50738,359393,640607
2,50796,359767,641283
2,50834,359985,641668
2,50846,360042,641788
2,50884,360351,642322
2,50904,360511,642612
2,50924,360701,643013
2,50966,360963,643476
2,51019,361341,644198
2,51022,361400,644311
2,51073,361818,645037
2,51118,362113,645558
2,51124,362138,645604
2,51147,362350,645989
2,51148,362353,645997
2,51177,362621,646489
2,51254,363136,647405
2,51307,363521,648116
2,51370,364053,649076
2,51399,364280,649459
2,51403,364306,649507
2,51455,364666,650152
2,51484,364860,650487
2,51562,365284,651266
2,51564,365309,651307
2,51566,365323,651334
2,51591,365524,651703
2,51595,365549,651751
2,51596,365564,651780
2,51608,365634,651893
2,51658,365956,652474
2,51692,366210,652941
2,51714,366359,653202
2,51738,366506,653488
2,51747,366562,653606
2,51762,366650,653767
2,51764,366675,653805
2,51770,366725,653890
2,51825,367115,654604
2,51894,367603,655464
2,51915,367763,655747
2,51918,367781,655778
2,51939,367892,655985
2,51968,368071,656326
2,51971,368086,656357
2,52069,368767,657630
2,52070,368769,657632
2,52144,369339,658667
2,52163,369544,659038
2,52172,369574,659100
2,52195,369728,659379
2,52216,369847,659594
2,52230,369972,659847
2,52292,370467,660763
2,52312,370679,661137
2,52324,370713,661196
2,52351,370890,661513
2,52359,370966,661650
2,52427,371458,662501
2,52442,371547,662651
2,52466,371706,662912
2,52524,372067,663537
2,52530,372107,663609
2,52587,372597,664488
2,52596,372639,664560
2,52658,373099,665398
2,52661,373121,665439
2,52667,373172,665515
2,52672,373197,665564
2,52693,373297,665733
2,52708,373400,665928
2,52714,373451,666027
2,52743,373617,666339
2,52765,373718,666515
2,52813,374060,667099
2,52896,374663,668197
2,52907,374727,668309
2,52943,374945,668685
2,52949,374991,668770
2,53002,375370,669440
2,53014,375467,669598
2,53061,375831,670243
2,53072,375928,670420
2,53093,376077,670696
2,53124,376255,671003
2,53138,376372,671221
2,53153,376460,671375
2,53194,376693,671771
2,53200,376724,671824
2,53255,377129,672551
2,53316,377530,673259
2,53406,378041,674200
2,53411,378076,674267
2,53419,378117,674335
2,53453,378367,674737
2,53496,378635,675201
2,53530,378868,675598
2,53544,378950,675757
2,53570,379097,676041
2,53629,379565,676897
2,53634,379615,676982
2,53637,379634,677012
2,53640,379664,677054
2,53682,379977,677594
2,53764,380546,678618
2,53781,380617,678751
2,53797,380713,678913
2,53799,380725,678928
2,53806,380782,679037
2,53888,381399,680169
2,53918,381664,680636
2,53963,381973,681179
2,54026,382424,682020
2,54046,382574,682277
2,54103,383029,683081
2,54105,383051,683118
2,54108,383061,683142
2,54171,383504,683889
2,54231,384046,684843
2,54246,384126,684994
2,54248,384138,685014
2,54335,384735,686092
2,54383,385136,686797
2,54458,385648,687716
2,54516,386021,688363
2,54621,386655,689557
2,54628,386705,689660
2,54716,387273,690698
2,54732,387389,690897
2,54756,387627,691344
2,54769,387737,691549
2,54854,388199,692381
2,54864,388259,692483
2,54897,388511,692936
2,54931,388774,693411
2,54988,389144,694065
2,55020,389349,694425
2,55032,389465,694628
2,55040,389493,694680
2,55069,389673,694989
2,55099,389880,695376
2,55113,390013,695601
2,55146,390214,695968
2,55151,390269,696079
2,55158,390318,696171
2,55214,390763,696993
2,55222,390795,697051
2,55274,391074,697551
2,55305,391303,697934
2,55321,391400,698101
2,55371,391637,698527
2,55397,391885,698995
2,55408,391972,699137
2,55426,392084,699345
2,55474,392421,699921
2,55522,392727,700434
2,55528,392753,700476
2,55530,392761,700494
2,55555,392932,700791
2,55622,393449,701730
2,55652,393708,702210
2,55678,393853,702478
2,55689,393936,702628
2,55794,394679,703899
2,55838,394942,704368
2,55856,395042,704564
2,55887,395225,704894
2,55923,395460,705334
2,55978,395803,705932
2,56042,396331,706849
2,56086,396681,707481
2,56096,396750,707600
2,56111,396826,707739
2,56138,396996,708046
2,56151,397078,708170
2,56173,397211,708405
2,56332,398431,710504
2,56337,398457,710556
2,56358,398644,710880
2,56363,398668,710926
2,56377,398756,711087
2,56419,399101,711691
2,56469,399453,712337
2,56484,399565,712528
2,56542,399976,713251
2,56552,400042,713383
2,56562,400117,713524
2,56576,400180,713618
2,56582,400196,713651
2,56673,400825,714749
2,56733,401271,715560
2,56751,401405,715790
2,56763,401511,715991
2,56824,401946,716804
2,56846,402056,716998
2,56853,402123,717124
2,56882,402283,717409
2,56915,402535,717847
2,56919,402582,717922
2,56959,402814,718344
2,56985,402957,718604
2,56986,402958,718605
2,57008,403090,718855
2,57011,403100,718870
2,57015,403138,718931
2,57074,403542,719636
2,57111,403827,720177
2,57112,403828,720178
2,57136,403964,720388
2,57166,404167,720728
2,57190,404324,721005
2,57355,405429,722965
2,57426,405949,723889
2,57430,405961,723908
2,57447,406086,724122
2,57454,406132,724204
2,57456,406136,724210
2,57471,406245,724397
2,57476,406297,724490
2,57559,406914,725551
2,57568,406990,725689
2,57655,407659,726912
2,57660,407692,726963
2,57670,407765,727125
2,57691,407929,727431
2,57703,408019,727587
2,57741,408314,728098
2,57747,408339,728141
2,57817,408812,728968
2,57912,409475,730132
2,57985,409948,730977
2,57995,410025,731106
2,58001,410113,731257
2,58002,410121,731272
2,58033,410282,731587
2,58075,410554,732062
2,58152,411035,732883
2,58201,411359,733490
2,58262,411813,734301
2,58282,411940,734554
2,58318,412190,735001
2,58336,412302,735227
2,58403,412791,736133
2,58467,413150,736780
2,58513,413469,737332
2,58569,413847,737973
2,58585,413941,738120
2,58611,414112,738433
2,58623,414186,738564
2,58627,414209,738606
2,58707,414752,739591
2,58876,415926,741714
2,58931,416253,742274
2,58985,416653,742971
2,59054,417067,743687
2,59065,417179,743892
2,59073,417232,743990
2,59115,417524,744517
2,59133,417677,744767
2,59218,418336,745914
2,59224,418365,745969
2,59237,418438,746096
2,59306,418859,746851
2,59332,419163,747401
2,59334,419178,747426
2,59383,419520,748046
2,59443,419971,748824
2,59444,419976,748832
2,59451,420043,748959
2,59572,421056,750786
2,59587,421181,750969
2,59650,421702,751872
2,59663,421767,751981
2,59665,421776,751998
2,59700,422006,752401
2,59711,422070,752508
2,59747,422284,752877
2,59821,422774,753738
2,59830,422865,753900
2,59855,423010,754159
2,59900,423326,754734
2,59986,423947,755816
2,59992,423985,755887
2,60026,424225,756336
2,60035,424299,756471
2,60108,424819,757385
2,60135,424994,757697
2,60154,425134,757966
2,60160,425161,758015
2,60204,425622,758793
2,60246,425927,759356
2,60270,426097,759679
2,60281,426203,759872
2,60321,426507,760421
2,60325,426565,760519
2,60351,426681,760730
2,60436,427300,761794
2,60475,427558,762266
2,60555,428103,763252
2,60562,428173,763385
2,60613,428496,763975
2,60617,428507,763993
2,60657,428859,764644
2,60698,429169,765207
2,60747,429504,765812
2,60752,429513,765827
2,60820,429912,766552
2,60833,430053,766794
2,60841,430105,766883
2,60896,430418,767434
2,60917,430566,767707
2,60972,431047,768632
2,60973,431065,768658
2,60981,431119,768759
2,61035,431505,769427
2,61181,432491,771210
2,61267,433029,772168
2,61301,433264,772588
2,61310,433301,772650
2,61338,433504,773008
2,61342,433522,773042
2,61433,434102,774062
2,61446,434194,774219
2,61470,434333,774487
2,61480,434408,774620
2,61509,434566,774907
2,61517,434608,774978
2,61543,434782,775289
2,61545,434798,775316
2,61621,435422,776397
2,61663,435720,776908
2,61720,436177,777700
2,61804,436865,778936
2,61839,437124,779394
2,61845,437152,779444
2,61870,437313,779746
2,62042,438496,781825
2,62094,438793,782373
2,62236,439776,784167
2,62258,439914,784395
2,62271,439990,784544
2,62308,440216,784969
2,62311,440240,785014
2,62325,440338,785202
2,62388,440774,785965
2,62411,440909,786204
2,62436,441121,786565
2,62464,441323,786908
2,62528,441761,787728
2,62569,442005,788133
2,62647,442587,789203
2,62665,442715,789439
2,62711,443002,789932
2,62718,443080,790072
2,62766,443367,790561
2,62840,443886,791502
2,62881,444115,791903
2,62884,444129,791936
2,62919,444413,792427
2,62927,444480,792533
2,63012,445048,793548
2,63043,445249,793906
2,63060,445328,794079
2,63063,445363,794139
2,63193,446229,795654
2,63228,446616,796359
2,63234,446658,796436
2,63246,446772,796641
2,63249,446813,796712
2,63303,447192,797390
2,63306,447206,797419
2,63320,447296,797590
2,63331,447378,797730
2,63359,447559,798066
2,63361,447587,798111
2,63368,447638,798198
2,63450,448196,799164
2,63453,448216,799203
2,63460,448295,799352
2,63481,448416,799561
2,63587,449178,800941
2,63588,449187,800956
2,63602,449286,801120
2,63732,450084,802549
2,63853,451024,804268
2,63856,451044,804295
2,63885,451314,804800
2,63915,451609,805376
2,63925,451670,805483
2,63956,451908,805938
2,63975,452040,806165
2,64021,452383,806802
2,64066,452644,807244
2,64107,452977,807845
2,64120,453099,808081
2,64185,453588,808979
2,64200,453724,809208
2,64266,454188,810038
2,64270,454208,810068
2,64294,454345,810345
2,64365,454800,811164
2,64367,454810,811179
2,64382,454916,811354
2,64418,455181,811824
2,64425,455239,811915
2,64443,455364,812147
2,64490,455655,812654
2,64526,455849,813011
2,64548,456020,813320
2,64608,456413,813991
2,64622,456516,814181
2,64624,456541,814214
2,64630,456605,814318
2,64688,456908,814859
2,64743,457227,815449
2,64758,457321,815605
2,64823,457778,816453
2,64862,458062,816942
2,64872,458142,817092
2,64914,458420,817568
2,64946,458637,817931
2,64979,458879,818393
2,65020,459144,818854
2,65032,459186,818931
2,65045,459316,819165
2,65088,459666,819764
2,65198,460402,821072
2,65250,460846,821871
2,65276,460993,822118
2,65329,461319,822670
2,65374,461539,823040
2,65376,461559,823074
2,65393,461652,823238
2,65425,461860,823614
2,65469,462150,824104
2,65495,462323,824423
2,65505,462373,824512
2,65550,462665,825066
2,65582,462908,825522
2,65588,462933,825571
2,65603,463062,825817
2,65658,463472,826511
2,65736,464089,827654
2,65772,464359,828151
2,65774,464374,828176
2,65860,464944,829240
2,65870,465058,829455
2,65973,465790,830736
2,66068,466471,831909
2,66136,466944,832721
2,66159,467126,833034
2,66178,467225,833234
2,66301,468110,834755
2,66343,468416,835306
2,66396,468762,835954
2,66457,469210,836752
2,66467,469313,836927
2,66487,469473,837223
2,66651,470588,839263
2,66664,470731,839523
2,66678,470788,839640
2,66696,470865,839793
2,66709,470950,839945
2,66715,470996,840020
2,66726,471056,840127
2,66742,471156,840319
2,66744,471163,840336
2,66775,471364,840716
2,66788,471469,840912
2,66820,471662,841230
2,66874,472053,841911
2,66897,472230,842222
2,66905,472303,842347
2,66922,472401,842533
2,66977,472735,843166
3,72,509,927
3,87,587,1077
3,100,699,1278
3,136,930,1681
3,154,1059,1907
3,185,1311,2359
3,291,2080,3741
3,356,2508,4557
3,389,2703,4912
3,431,2997,5439
3,436,3026,5489
3,483,3315,6010
3,520,3586,6490
3,630,4232,7658
3,646,4297,7760
3,674,4562,8206
3,693,4648,8364
3,725,4888,8832
3,730,4923,8905
3,820,5541,9998
3,897,6093,10954
3,915,6246,11217
3,926,6315,11365
3,947,6540,11775
3,1009,7052,12679
3,1186,8605,15429
3,1202,8719,15634
3,1214,8788,15748
3,1243,8981,16074
3,1262,9062,16226
3,1269,9114,16321
3,1283,9197,16501
3,1303,9408,16874
3,1345,9774,17535
3,1365,9879,17706
3,1506,10756,19277
3,1521,10867,19469
3,1565,11188,20043
3,1639,11740,21020
3,1681,12078,21602
3,1706,12236,21890
3,1709,12264,21937
3,1771,12766,22864
3,1783,12836,22989
3,1829,13255,23725
3,1844,13361,23911
3,1855,13425,24024
3,1925,13953,24978
3,1935,14009,25082
3,1950,14102,25256
3,1953,14113,25280
3,2001,14418,25789
3,2038,14654,26238
3,2065,14863,26605
3,2086,14997,26843
3,2121,15300,27368
3,2166,15709,28133
3,2185,15807,28319
3,2193,15859,28399
3,2226,16075,28805
3,2292,16538,29607
3,2328,16799,30063
3,2334,16841,30135
3,2358,16972,30375
3,2421,17376,31131
3,2429,17435,31242
3,2489,17832,32002
3,2555,18283,32827
3,2580,18458,33115
3,2618,18742,33609
3,2659,19051,34148
3,2661,19064,34171
3,2675,19168,34371
3,2722,19485,34943
3,2770,19833,35569
3,2783,19932,35731
3,2837,20260,36270
3,2923,20738,37087
3,2933,20865,37308
3,2939,20922,37394
3,2955,21065,37632
3,2957,21106,37705
3,3008,21432,38308
3,3030,21608,38618
3,3068,21869,39098
3,3091,22037,39376
3,3098,22058,39424
3,3109,22128,39540
3,3174,22578,40351
3,3186,22657,40489
3,3216,22877,40906
3,3236,23028,41168
3,3239,23041,41191
3,3260,23170,41411
3,3279,23292,41644
3,3282,23296,41650
3,3362,23885,42706
3,3363,23888,42712
3,3373,23966,42854
3,3378,23992,42896
3,3386,24083,43058
3,3463,24706,44192
3,3470,24731,44244
3,3478,24780,44314
3,3480,24789,44330
3,3498,24921,44552
3,3727,26380,47106
3,3740,26507,47328
3,3774,26746,47745
3,3825,27133,48428
3,3833,27173,48495
3,3900,27597,49229
3,3907,27658,49332
3,3909,27662,49339
3,3937,27900,49823
3,4043,28581,51086
3,4071,28766,51427
3,4089,28922,51713
3,4109,29069,52000
3,4125,29139,52140
3,4154,29357,52529
3,4163,29406,52625
3,4277,30114,53878
3,4278,30130,53915
3,4279,30131,53917
3,4291,30190,54021
3,4317,30375,54334
3,4329,30454,54473
3,4347,30593,54713
3,4353,30643,54798
3,4434,31206,55833
3,4452,31310,56019
3,4487,31572,56472
3,4541,31999,57280
3,4543,32014,57302
3,4558,32120,57480
3,4631,32558,58285
3,4758,33513,59970
3,4791,33785,60450
3,4876,34374,61530
3,4960,34991,62661
3,4975,35148,62923
3,4993,35297,63182
3,5022,35480,63520
3,5027,35495,63553
3,5071,35847,64172
3,5103,36132,64663
3,5147,36597,65496
3,5157,36660,65622
3,5213,37047,66303
3,5235,37187,66534
3,5249,37285,66716
3,5251,37288,66719
3,5259,37358,66856
3,5283,37471,67053
3,5329,37791,67621
3,5338,37848,67718
3,5345,37892,67800
3,5355,37957,67919
3,5369,38063,68104
3,5441,38511,68917
3,5458,38652,69167
3,5463,38679,69215
3,5470,38711,69264
3,5574,39381,70455
3,5590,39476,70617
3,5597,39550,70722
3,5656,40028,71566
3,5758,40760,72934
3,5815,41155,73621
3,5873,41499,74219
3,5906,41783,74719
3,5919,41895,74929
3,5967,42230,75534
3,5980,42322,75704
3,6003,42497,76016
3,6012,42554,76109
3,6022,42618,76212
3,6027,42662,76292
3,6039,42759,76458
3,6074,43029,76951
3,6131,43395,77608
3,6151,43543,77857
3,6156,43574,77912
3,6192,43808,78336
3,6197,43850,78411
3,6204,43900,78497
3,6228,44088,78837
3,6234,44124,78902
3,6289,44567,79716
3,6325,44825,80178
3,6361,45052,80548
3,6386,45165,80748
3,6415,45336,81040
3,6422,45363,81078
3,6470,45760,81797
3,6483,45837,81925
3,6536,46340,82833
3,6551,46401,82939
3,6666,47065,84182
3,6680,47198,84416
3,6698,47346,84701
3,6763,47789,85506
3,6769,47862,85654
3,6849,48523,86882
3,6862,48607,87029
3,6876,48700,87200
3,6883,48739,87268
3,6901,48863,87484
3,6907,48896,87541
3,6915,48942,87612
3,6942,49109,87922
3,7065,50140,89732
3,7104,50412,90211
3,7165,50768,90843
3,7172,50798,90891
3,7178,50825,90936
3,7204,50968,91192
3,7275,51492,92156
3,7337,51910,92921
3,7426,52537,94073
3,7484,52896,94760
3,7500,52972,94896
3,7541,53280,95457
3,7553,53366,95609
3,7564,53423,95709
3,7573,53471,95805
3,7585,53558,95944
3,7627,53856,96470
3,7695,54308,97260
3,7698,54328,97296
3,7754,54748,98046
3,7772,54834,98190
3,7796,55078,98611
3,7823,55246,98906
3,7848,55406,99171
3,7862,55488,99327
3,7949,56126,100439
3,7970,56274,100730
3,7983,56343,100843
3,8043,56785,101635
3,8102,57194,102338
3,8175,57647,103156
3,8183,57694,103236
3,8185,57696,103242
3,8221,58011,103790
3,8254,58175,104098
3,8370,59004,105602
3,8379,59033,105647
3,8461,59697,106836
3,8490,59870,107140
3,8493,59891,107174
3,8494,59899,107186
3,8566,60379,108055
3,8570,60427,108136
3,8647,61023,109209
3,8659,61073,109289
3,8666,61116,109374
3,8674,61168,109463
3,8686,61273,109646
3,8772,62011,111011
3,8806,62266,111463
3,8855,62579,112007
3,8875,62688,112183
3,8892,62800,112368
3,8912,62938,112637
3,8917,62960,112679
3,8981,63373,113399
3,9001,63514,113640
3,9047,63809,114114
3,9067,63966,114370
3,9099,64131,114650
3,9135,64357,115033
3,9182,64696,115625
3,9227,65017,116219
3,9232,65059,116292
3,9253,65168,116477
3,9260,65203,116536
3,9266,65257,116641
3,9267,65259,116644
3,9270,65280,116682
3,9289,65418,116918
3,9342,65760,117519
3,9351,65788,117565
3,9362,65884,117734
3,9368,65916,117788
3,9421,66306,118461
3,9437,66456,118724
3,9444,66486,118780
3,9459,66572,118929
3,9484,66701,119173
3,9500,66794,119340
3,9539,67080,119852
3,9562,67221,120109
3,9587,67397,120459
3,9594,67440,120531
3,9652,67900,121317
3,9660,67963,121425
3,9850,69209,123622
3,9873,69323,123832
3,9903,69558,124277
3,9910,69611,124369
3,9969,70008,125052
3,9996,70207,125395
3,10065,70638,126200
3,10080,70850,126568
3,10093,70918,126689
3,10103,70983,126816
3,10126,71146,127098
3,10194,71651,127997
3,10225,71933,128483
3,10255,72144,128836
3,10263,72196,128923
3,10288,72396,129257
3,10301,72515,129463
3,10303,72535,129496
3,10311,72580,129599
3,10323,72644,129700
3,10331,72718,129825
3,10353,72870,130092
3,10396,73185,130645
3,10441,73507,131190
3,10473,73708,131539
3,10522,74047,132112
3,10537,74142,132284
3,10559,74234,132458
3,10561,74237,132462
3,10570,74322,132608
3,10666,74986,133760
3,10697,75197,134123
3,10757,75613,134864
3,10766,75664,134961
3,10808,75938,135434
3,10819,76029,135585
3,10886,76418,136297
3,10916,76673,136757
3,10981,77088,137566
3,10986,77118,137624
3,10988,77135,137658
3,11072,77790,138804
3,11191,78633,140392
3,11197,78664,140448
3,11243,78950,140974
3,11274,79149,141341
3,11289,79240,141522
3,11337,79567,142114
3,11368,79756,142440
3,11372,79784,142500
3,11407,80011,142884
3,11430,80121,143056
3,11446,80216,143242
3,11486,80461,143668
3,11508,80596,143925
3,11516,80641,144009
3,11527,80724,144160
3,11579,81151,144944
3,11630,81523,145567
3,11690,81974,146388
3,11712,82101,146593
3,11715,82119,146625
3,11737,82295,146934
3,11756,82437,147202
3,11833,83184,148550
3,11839,83253,148669
3,11917,83831,149712
3,11935,83967,149950
3,11974,84244,150433
3,11993,84432,150803
3,12010,84616,151122
3,12013,84666,151220
3,12018,84702,151285
3,12062,84922,151655
3,12073,84988,151771
3,12195,85889,153320
3,12231,86108,153734
3,12268,86361,154177
3,12366,87067,155472
3,12378,87172,155660
3,12387,87212,155724
3,12398,87288,155852
3,12447,87675,156550
3,12491,87941,157005
3,12536,88251,157555
3,12602,88741,158400
3,12621,88832,158546
3,12626,88856,158585
3,12629,88870,158618
3,12641,88968,158788
3,12653,89020,158876
3,12662,89079,158981
3,12694,89316,159382
3,12784,89898,160409
3,12810,90068,160700
3,12817,90097,160745
3,12836,90194,160903
3,12850,90317,161135
3,12903,90707,161865
3,12909,90765,161951
3,13043,91720,163625
3,13107,92236,164528
3,13138,92522,165057
3,13170,92759,165472
3,13177,92865,165643
3,13202,93088,166037
3,13235,93337,166525
3,13276,93602,167015
3,13280,93618,167040
3,13308,93790,167361
3,13318,93863,167513
3,13336,94007,167739
3,13347,94104,167917
3,13481,94896,169308
3,13515,95125,169705
3,13590,95619,170584
3,13623,95874,171072
3,13716,96699,172520
3,13730,96811,172733
3,13803,97422,173844
3,13866,97807,174547
3,13953,98447,175703
3,13965,98510,175819
3,13966,98511,175821
3,14010,98824,176432
3,14101,99427,177525
3,14116,99542,177720
3,14127,99644,177914
3,14139,99723,178048
3,14202,100191,178857
3,14237,100361,179171
3,14257,100561,179511
3,14302,100895,180094
3,14317,101009,180296
3,14342,101205,180644
3,14348,101228,180697
3,14385,101478,181155
3,14403,101604,181374
3,14407,101616,181397
3,14425,101714,181565
3,14432,101740,181616
3,14445,101800,181724
3,14457,101877,181843
3,14458,101878,181844
3,14523,102377,182688
3,14538,102452,182823
3,14541,102481,182870
3,14594,102880,183534
3,14596,102926,183630
3,14605,102985,183726
3,14626,103110,183939
3,14652,103261,184223
3,14665,103353,184397
3,14688,103520,184705
3,14710,103679,184987
3,14726,103794,185179
3,14782,104125,185803
3,14870,104711,186874
3,14910,105044,187454
3,14915,105074,187511
3,14919,105109,187579
3,14921,105118,187592
3,14952,105319,187959
3,14965,105382,188064
3,14967,105409,188109
3,14974,105461,188201
3,14979,105497,188266
3,14987,105529,188312
3,15020,105795,188762
3,15070,106101,189316
3,15102,106402,189874
3,15122,106539,190122
3,15181,106961,190872
3,15185,106987,190913
3,15214,107141,191180
3,15280,107610,192012
3,15287,107643,192077
3,15303,107772,192318
3,15319,107851,192487
3,15341,108001,192748
3,15347,108057,192848
3,15388,108327,193330
3,15441,108693,194016
3,15493,109005,194561
3,15498,109027,194595
3,15558,109363,195182
3,15603,109760,195870
3,15633,109966,196237
3,15642,110046,196376
3,15686,110377,196966
3,15711,110579,197307
3,15726,110723,197550
3,15744,110837,197747
3,15777,111043,198117
3,15813,111274,198513
3,15817,111301,198563
3,15831,111408,198771
3,15934,112143,200102
3,15942,112227,200264
3,15954,112310,200421
3,16020,112853,201380
3,16051,113235,202038
3,16143,113921,203271
3,16163,114069,203522
3,16247,114894,204990
3,16258,114987,205151
3,16263,115018,205217
3,16272,115062,205294
3,16284,115139,205422
3,16338,115563,206173
3,16384,115905,206748
3,16423,116135,207144
3,16440,116264,207364
3,16442,116272,207372
3,16494,116710,208152
3,16601,117365,209307
3,16630,117530,209585
3,16675,117814,210098
3,16739,118198,210779
3,16750,118302,210971
3,16805,118731,211747
3,16960,119913,213881
3,17008,120305,214613
3,17040,120530,215044
3,17064,120637,215236
3,17076,120701,215361
3,17082,120736,215410
3,17116,120986,215863
3,17126,121072,216014
3,17263,122023,217665
3,17300,122303,218161
3,17312,122409,218352
3,17324,122510,218548
3,17341,122668,218823
3,17371,122899,219210
3,17396,123055,219494
3,17400,123101,219567
3,17483,123631,220528
3,17539,124012,221218
3,17542,124045,221264
3,17606,124435,221952
3,17619,124516,222092
3,17630,124635,222274
3,17697,125129,223121
3,17722,125345,223496
3,17754,125544,223832
3,17795,125841,224359
3,17802,125911,224492
3,17869,126478,225490
3,17893,126674,225830
3,17924,126910,226278
3,17944,127067,226548
3,18076,128059,228296
3,18191,128776,229558
3,18199,128857,229708
3,18209,128938,229863
3,18242,129150,230256
3,18291,129422,230702
3,18303,129471,230784
3,18350,129773,231322
3,18388,129999,231699
3,18455,130447,232508
3,18579,131281,233946
3,18599,131407,234165
3,18604,131469,234261
3,18607,131502,234317
3,18640,131693,234669
3,18647,131748,234756
3,18661,131873,234991
3,18669,131924,235074
3,18763,132638,236334
3,18792,132840,236702
3,18805,132936,236882
3,18815,132999,237003
3,18865,133427,237805
3,18907,133765,238393
3,18919,133862,238561
3,18945,134039,238869
3,19075,135036,240604
3,19088,135114,240738
3,19155,135687,241760
3,19169,135777,241924
3,19178,135811,241980
3,19217,136119,242571
3,19233,136231,242783
3,19263,136356,243010
3,19305,136684,243607
3,19311,136724,243678
3,19334,136895,243991
3,19508,138213,246311
3,19512,138258,246395
3,19654,139398,248384
3,19670,139473,248549
3,19688,139619,248822
3,19702,139751,249056
3,19710,139784,249101
3,19745,139997,249477
3,19752,140034,249537
3,19773,140192,249831
3,19781,140251,249943
3,19798,140351,250113
3,19855,140734,250806
3,19917,141183,251626
3,19934,141322,251867
3,19972,141584,252354
3,19986,141681,252524
3,20009,141859,252843
3,20015,141872,252861
3,20037,142008,253082
3,20129,142701,254352
3,20196,143148,255159
3,20198,143164,255182
3,20221,143320,255453
3,20227,143374,255532
3,20271,143650,256025
3,20279,143691,256098
3,20327,144017,256690
3,20330,144049,256749
3,20354,144201,257007
3,20365,144250,257110
3,20380,144328,257248
3,20396,144445,257461
3,20403,144479,257520
3,20404,144489,257537
3,20448,144745,258017
3,20556,145526,259443
3,20588,145737,259852
3,20589,145741,259859
3,20642,146068,260470
3,20687,146413,261075
3,20721,146657,261500
3,20735,146739,261653
3,20763,146893,261928
3,20783,147011,262132
3,20813,147233,262521
3,20819,147289,262612
3,20830,147360,262730
3,20957,148328,264449
3,20959,148342,264470
3,20974,148443,264666
3,21013,148734,265224
3,21020,148804,265352
3,21073,149189,266036
3,21093,149370,266374
3,21106,149458,266525
3,21122,149606,266791
3,21126,149637,266847
3,21141,149748,267049
3,21162,149891,267312
3,21199,150181,267816
3,21242,150575,268545
3,21255,150662,268704
3,21258,150667,268716
3,21267,150740,268853
3,21311,151019,269345
3,21366,151424,270097
3,21418,151852,270862
3,21443,152035,271208
3,21484,152362,271817
3,21493,152395,271871
3,21507,152492,272030
3,21530,152666,272382
3,21553,152817,272683
3,21558,152833,272716
3,21561,152841,272731
3,21595,153141,273259
3,21644,153466,273852
3,21656,153538,273963
3,21673,153632,274140
3,21705,153857,274550
3,21786,154481,275677
3,21800,154573,275838
3,21841,154793,276225
3,21899,155195,276969
3,21905,155223,277022
3,21945,155399,277331
3,21989,155779,277996
3,22042,156150,278689
3,22044,156163,278715
3,22071,156356,279075
3,22085,156436,279227
3,22136,156821,279913
3,22198,157208,280599
3,22220,157389,280941
3,22245,157566,281243
3,22267,157754,281630
3,22271,157769,281668
3,22281,157843,281787
3,22363,158383,282729
3,22401,158646,283195
3,22423,158840,283524
3,22436,158915,283657
3,22472,159107,283984
3,22517,159483,284750
3,22585,159997,285661
3,22622,160329,286238
3,22669,160792,287087
3,22679,160899,287279
3,22683,160931,287332
3,22713,161151,287709
3,22740,161360,288076
3,22768,161561,288408
3,22814,161833,288917
3,22940,162638,290355
3,22947,162692,290445
3,22959,162781,290594
3,22983,162915,290834
3,23067,163417,291698
3,23120,163843,292503
3,23151,164036,292848
3,23170,164172,293114
3,23196,164377,293471
3,23197,164386,293488
3,23206,164458,293600
3,23248,164694,294012
3,23285,164928,294412
3,23294,165009,294565
3,23307,165108,294741
3,23329,165221,294919
3,23346,165322,295090
3,23416,165798,295908
3,23468,166117,296529
3,23488,166250,296753
3,23502,166354,296968
3,23519,166504,297227
3,23565,166806,297761
3,23569,166817,297777
3,23570,166821,297785
3,23727,167836,299584
3,23769,168112,300099
3,23782,168213,300286
3,23805,168379,300563
3,23817,168455,300721
3,23855,168722,301174
3,23866,168763,301234
3,23924,169124,301832
3,23926,169149,301876
3,24059,170060,303548
3,24159,170761,304823
3,24182,170992,305228
3,24190,171052,305352
3,24195,171106,305436
3,24211,171255,305700
3,24261,171517,306184
3,24264,171534,306212
3,24278,171618,306367
3,24285,171661,306434
3,24312,171822,306697
3,24314,171828,306707
3,24317,171860,306768
3,24330,171939,306904
3,24340,172009,307041
3,24426,172636,308240
3,24447,172763,308478
3,24478,172960,308836
3,24512,173138,309185
3,24550,173425,309702
3,24568,173570,309958
3,24619,173997,310716
3,24690,174451,311503
3,24703,174547,311684
3,24754,174881,312274
3,24760,174919,312337
3,24772,175027,312532
3,24832,175492,313325
3,24839,175553,313449
3,24853,175682,313688
3,24989,176561,315246
3,25014,176732,315557
3,25092,177160,316306
3,25129,177438,316790
3,25208,178112,318017
3,25227,178250,318239
3,25283,178690,319050
3,25304,178845,319331
3,25324,178972,319557
3,25351,179112,319817
3,25395,179347,320233
3,25432,179553,320584
3,25595,180571,322442
3,25605,180652,322582
3,25616,180726,322709
3,25630,180778,322793
3,25725,181458,323986
3,25766,181804,324619
3,25879,182569,325997
3,25889,182646,326155
3,25898,182745,326310
3,25905,182786,326392
3,25914,182848,326497
3,25955,183145,327006
3,25986,183397,327430
3,26004,183513,327615
3,26007,183542,327656
3,26141,184498,329295
3,26193,184910,330038
3,26196,184917,330051
3,26275,185437,330987
3,26454,186657,333192
3,26492,186964,333737
3,26497,187001,333807
3,26510,187045,333887
3,26525,187157,334096
3,26558,187408,334569
3,26559,187410,334571
3,26588,187582,334856
3,26589,187584,334861
3,26600,187648,334972
3,26613,187724,335100
3,26631,187844,335297
3,26647,187954,335481
3,26665,188094,335716
3,26679,188172,335850
3,26708,188371,336210
3,26726,188491,336426
3,26854,189363,338049
3,26857,189402,338113
3,26894,189647,338540
3,26907,189724,338671
3,26923,189801,338805
3,26924,189804,338810
3,26960,190030,339242
3,26963,190055,339280
3,26974,190122,339391
3,27033,190556,340138
3,27057,190759,340502
3,27076,190961,340879
3,27114,191207,341337
3,27137,191359,341614
3,27154,191432,341748
3,27189,191700,342211
3,27205,191792,342381
3,27229,191959,342687
3,27280,192357,343375
3,27339,192736,344038
3,27344,192765,344082
3,27407,193196,344852
3,27457,193572,345493
3,27496,193933,346126
3,27498,193947,346148
3,27548,194352,346892
3,27562,194412,346988
3,27660,195118,348238
3,27692,195342,348613
3,27745,195701,349268
3,27853,196450,350566
3,27886,196640,350926
3,27918,196859,351338
3,27953,197118,351796
3,27991,197327,352159
3,28028,197565,352552
3,28044,197704,352788
3,28045,197706,352791
3,28080,198028,353374
3,28101,198169,353639
3,28149,198566,354334
3,28176,198725,354613
3,28201,198934,354976
3,28213,199050,355179
3,28240,199221,355498
3,28283,199563,356097
3,28313,199741,356392
3,28364,200088,356984
3,28436,200597,357965
3,28452,200707,358163
3,28464,200781,358294
3,28469,200841,358381
3,28492,201021,358699
3,28603,201790,360088
3,28626,201923,360329
3,28642,201990,360454
3,28667,202170,360754
3,28790,202967,362190
3,28814,203132,362482
3,28817,203196,362596
3,28845,203389,362944
3,28886,203698,363502
3,28912,203870,363784
3,28927,203982,364011
3,29031,204626,365179
3,29128,205275,366308
3,29139,205341,366432
3,29194,205692,367080
3,29200,205715,367124
3,29207,205740,367169
3,29218,205871,367413
3,29253,206078,367790
3,29317,206456,368495
3,29326,206509,368592
3,29408,207100,369692
3,29532,208022,371384
3,29541,208062,371465
3,29586,208404,372112
3,29629,208653,372584
3,29637,208710,372682
3,29645,208795,372839
3,29663,208916,373051
3,29665,208927,373082
3,29712,209327,373876
3,29753,209542,374273
3,29788,209765,374665
3,29789,209767,374669
3,29810,209942,374984
3,29871,210419,375839
3,29877,210441,375876
3,29884,210483,375946
3,29893,210557,376090
3,29942,210868,376681
3,29955,210946,376806
3,29978,211124,377113
3,30011,211297,377435
3,30057,211618,378008
3,30078,211776,378275
3,30095,211879,378453
3,30118,212081,378796
3,30120,212090,378815
3,30126,212145,378903
3,30131,212160,378933
3,30210,212751,379980
3,30214,212760,379996
3,30225,212831,380117
3,30286,213309,380948
3,30290,213332,380990
3,30301,213430,381146
3,30310,213499,381277
3,30319,213578,381409
3,30335,213707,381645
3,30412,214255,382602
3,30501,214836,383612
3,30520,215012,383890
3,30551,215212,384236
3,30632,215734,385182
3,30679,216070,385757
3,30713,216254,386096
3,30722,216349,386257
3,30740,216520,386588
3,30751,216593,386718
3,30762,216674,386862
3,30775,216791,387062
3,30784,216840,387156
3,30806,216945,387337
3,30830,217089,387572
3,30842,217195,387752
3,30861,217308,387946
3,30899,217591,388462
3,30917,217683,388618
3,30922,217719,388691
3,30991,218170,389476
3,31013,218325,389751
3,31014,218334,389769
3,31027,218445,389986
3,31042,218592,390252
3,31140,219158,391253
3,31171,219407,391694
3,31235,219804,392422
3,31351,220671,393949
3,31357,220686,393976
3,31373,220759,394097
3,31375,220778,394123
3,31388,220869,394274
3,31416,221112,394701
3,31418,221115,394708
3,31437,221226,394899
3,31454,221356,395108
3,31487,221537,395430
3,31491,221576,395507
3,31521,221839,396022
3,31524,221848,396037
3,31581,222217,396709
3,31595,222311,396866
3,31627,222520,397227
3,31631,222571,397318
3,31652,222740,397634
3,31666,222800,397733
3,31688,222937,397970
3,31693,222980,398037
3,31731,223254,398541
3,31746,223359,398726
3,31748,223362,398731
3,31770,223523,399026
3,31771,223527,399030
3,31797,223687,399338
3,31854,224136,400091
3,31926,224593,400880
3,31940,224724,401101
3,31977,224940,401487
3,32093,225770,402970
3,32122,225967,403360
3,32139,226094,403588
3,32175,226307,403945
3,32183,226386,404094
3,32218,226647,404562
3,32285,227074,405347
3,32305,227194,405563
3,32325,227286,405738
3,32343,227426,405984
3,32384,227732,406519
3,32437,228141,407240
3,32446,228188,407328
3,32472,228364,407642
3,32494,228490,407853
3,32687,229834,410254
3,32692,229870,410308
3,32739,230204,410924
3,32790,230565,411562
3,32844,230929,412216
3,32864,231043,412424
3,32902,231282,412817
3,32937,231506,413219
3,33093,232683,415359
3,33227,233682,417168
3,33229,233713,417212
3,33261,234061,417849
3,33313,234441,418533
3,33317,234472,418585
3,33353,234777,419089
3,33363,234821,419164
3,33374,234910,419323
3,33379,234953,419396
3,33419,235201,419839
3,33423,235216,419875
3,33446,235383,420180
3,33518,235946,421169
3,33527,235989,421244
3,33550,236139,421535
3,33629,236708,422514
3,33631,236735,422563
3,33645,236846,422779
3,33671,237097,423208
3,33675,237121,423269
3,33709,237350,423701
3,33745,237597,424162
3,33768,237746,424439
3,33827,238185,425202
3,33840,238296,425401
3,33848,238323,425447
3,33874,238516,425804
3,33896,238687,426137
3,33900,238709,426172
3,33955,239108,426877
3,33981,239310,427226
3,33985,239341,427291
3,34010,239496,427587
3,34129,240281,428931
3,34169,240609,429541
3,34181,240674,429655
3,34221,240961,430148
3,34227,241001,430210
3,34233,241046,430286
3,34248,241174,430535
3,34255,241243,430645
3,34294,241522,431164
3,34314,241730,431524
3,34335,241872,431781
3,34411,242463,432815
3,34419,242511,432906
3,34595,243636,434835
3,34603,243661,434886
3,34607,243679,434911
3,34687,244260,435960
3,34722,244473,436318
3,34732,244572,436481
3,34740,244609,436545
3,34781,244910,437103
3,34841,245336,437869
3,34858,245431,438054
3,34873,245518,438206
3,34964,246054,439201
3,34974,246143,439363
3,34977,246182,439427
3,35017,246462,439901
3,35059,246746,440419
3,35077,246841,440584
3,35089,246948,440790
3,35114,247110,441070
3,35132,247241,441310
3,35179,247618,441960
3,35185,247628,441980
3,35213,247823,442314
3,35255,248268,443093
3,35267,248363,443268
3,35283,248455,443442
3,35321,248684,443857
3,35350,248932,444288
3,35353,248954,444322
3,35357,248980,444380
3,35367,249034,444471
3,35397,249215,444795
3,35408,249290,444927
3,35414,249324,444985
3,35432,249438,445184
3,35440,249488,445276
3,35472,249754,445748
3,35508,250000,446188
3,35566,250412,446889
3,35593,250644,447285
3,35614,250772,447507
3,35640,250975,447862
3,35646,251032,447965
3,35662,251136,448176
3,35686,251290,448432
3,35710,251427,448689
3,35719,251465,448759
3,35831,252345,450288
3,35865,252630,450766
3,35881,252752,451008
3,35891,252825,451138
3,35926,252987,451416
3,35940,253074,451578
3,36103,254228,453622
3,36206,254829,454646
3,36298,255454,455779
3,36337,255731,456291
3,36338,255737,456308
3,36464,256667,457973
3,36480,256768,458141
3,36498,256898,458406
3,36525,257040,458646
3,36553,257210,458987
3,36554,257230,459024
3,36576,257397,459297
3,36597,257549,459575
3,36606,257615,459686
3,36626,257819,460049
3,36635,257888,460175
3,36694,258284,460878
3,36707,258370,461032
3,36710,258386,461058
3,36733,258487,461231
3,36797,258940,462046
3,36814,259087,462306
3,36833,259225,462554
3,36856,259378,462816
3,36857,259379,462817
3,36864,259440,462927
3,36871,259485,463021
3,37017,260493,464822
3,37052,260756,465306
3,37062,260832,465430
3,37073,260910,465569
3,37091,260995,465716
3,37258,262111,467729
3,37285,262270,468026
3,37388,262944,469244
3,37396,262981,469317
3,37416,263111,469547
3,37421,263151,469617
3,37434,263252,469798
3,37466,263501,470249
3,37566,264200,471550
3,37626,264700,472442
3,37628,264714,472463
3,37633,264784,472580
3,37638,264813,472638
3,37654,264927,472860
3,37656,264938,472883
3,37706,265307,473579
3,37717,265376,473698
3,37730,265462,473861
3,37913,266822,476355
3,37958,267150,476947
3,37990,267355,477307
3,38015,267527,477613
3,38023,267597,477735
3,38124,268259,478896
3,38125,268268,478910
3,38280,269480,481071
3,38333,269882,481813
3,38357,270018,482067
3,38380,270156,482299
3,38401,270324,482588
3,38485,270895,483617
3,38490,270917,483658
3,38506,270990,483775
3,38561,271508,484701
3,38573,271578,484826
3,38653,272124,485809
3,38675,272274,486065
3,38684,272372,486232
3,38709,272514,486488
3,38740,272734,486877
3,38756,272832,487070
3,38799,273118,487616
3,38836,273412,488151
3,38892,273843,488882
3,38918,273988,489154
3,38923,274041,489259
3,38965,274319,489754
3,38991,274495,490044
3,39011,274586,490211
3,39115,275378,491609
3,39204,275916,492541
3,39328,276714,493976
3,39416,277317,495011
3,39444,277507,495357
3,39449,277539,495410
3,39521,278127,496499
3,39522,278129,496504
3,39526,278143,496530
3,39554,278397,496981
3,39631,279123,498251
3,39632,279133,498269
3,39689,279508,498937
3,39763,280021,499841
3,39765,280035,499868
3,39817,280445,500577
3,39821,280467,500618
3,39886,280948,501492
3,39949,281385,502273
3,39976,281581,502641
3,39984,281661,502800
3,40000,281731,502928
3,40064,282216,503797
3,40089,282426,504152
3,40132,282732,504703
3,40138,282785,504799
3,40166,282997,505195
3,40173,283039,505267
3,40207,283242,505607
3,40218,283322,505733
3,40260,283631,506281
3,40276,283706,506434
3,40313,283997,506935
3,40339,284177,507233
3,40350,284228,507342
3,40371,284368,507592
3,40386,284425,507682
3,40394,284484,507786
3,40400,284527,507861
3,40410,284585,507966
3,40441,284773,508296
3,40473,285003,508682
3,40477,285047,508758
3,40496,285225,509068
3,40511,285312,509244
3,40553,285605,509738
3,40561,285695,509891
3,40571,285776,510011
3,40641,286310,510969
3,40666,286470,511265
3,40671,286493,511308
3,40685,286600,511491
3,40700,286699,511661
3,40701,286720,511708
3,40759,287183,512507
3,40796,287468,512998
3,40800,287503,513070
3,40915,288441,514695
3,40963,288794,515287
3,40987,288932,515539
3,41082,289482,516482
3,41192,290279,517985
3,41249,290731,518814
3,41260,290823,518974
3,41263,290837,518999
3,41283,290966,519214
3,41300,291108,519509
3,41305,291128,519545
3,41346,291465,520129
3,41459,292155,521391
3,41460,292166,521414
3,41473,292261,521581
3,41476,292276,521610
3,41481,292313,521670
3,41524,292581,522149
3,41608,293217,523290
3,41671,293669,524120
3,41743,294278,525183
3,41782,294544,525637
3,41831,294910,526296
3,41856,295059,526551
3,41881,295227,526850
3,41889,295269,526926
3,41894,295315,527011
3,41895,295318,527017
3,41907,295393,527165
3,41928,295505,527362
3,42031,296258,528692
3,42095,296670,529391
3,42114,296798,529609
3,42169,297172,530283
3,42196,297298,530506
3,42199,297306,530522
3,42203,297345,530600
3,42244,297619,531055
3,42304,298131,531986
3,42357,298462,532580
3,42418,298859,533261
3,42428,298942,533421
3,42441,299013,533539
3,42442,299019,533548
3,42462,299148,533768
3,42544,299689,534722
3,42614,300187,535616
3,42636,300329,535895
3,42652,300498,536204
3,42653,300501,536211
3,42695,300810,536785
3,42780,301530,538047
3,42790,301595,538152
3,42816,301787,538463
3,42824,301854,538576
3,42903,302438,539629
3,42909,302476,539687
3,42917,302522,539765
3,42995,303109,540774
3,43000,303160,540852
3,43034,303362,541211
3,43046,303423,541300
3,43156,304244,542764
3,43216,304612,543407
3,43299,305199,544497
3,43302,305219,544527
3,43354,305568,545135
3,43369,305662,545306
3,43392,305808,545572
3,43400,305831,545626
3,43422,306038,545989
3,43502,306613,547059
3,43504,306633,547096
3,43563,306993,547745
3,43570,307038,547825
3,43633,307429,548516
3,43646,307526,548693
3,43651,307546,548733
3,43681,307756,549149
3,43715,308038,549640
3,43738,308232,549991
3,43764,308367,550215
3,43774,308406,550278
3,43785,308453,550360
3,43816,308619,550649
3,43824,308665,550732
3,43826,308673,550745
3,43888,309106,551473
3,43894,309147,551543
3,43897,309155,551552
3,44009,310003,553045
3,44014,310050,553129
3,44133,310874,554546
3,44137,310900,554586
3,44165,311206,555124
3,44213,311594,555783
3,44226,311671,555899
3,44267,311896,556310
3,44285,311969,556434
3,44299,312044,556568
3,44348,312378,557184
3,44368,312485,557366
3,44377,312542,557475
3,44397,312697,557742
3,44533,313727,559654
3,44579,314071,560254
3,44593,314187,560452
3,44652,314604,561206
3,44721,315078,562067
3,44773,315479,562735
3,44775,315485,562747
3,44950,316795,565109
3,44960,316859,565207
3,44990,317027,565495
3,45018,317202,565779
3,45041,317398,566156
3,45092,317803,566916
3,45152,318199,567586
3,45163,318283,567752
3,45166,318324,567826
3,45181,318411,567966
3,45218,318617,568343
3,45265,318956,568968
3,45276,319017,569069
3,45280,319039,569099
3,45300,319169,569335
3,45361,319681,570239
3,45432,320252,571289
3,45435,320261,571310
3,45440,320288,571357
3,45464,320497,571706
3,45485,320627,571915
3,45552,321105,572819
3,45610,321463,573412
3,45627,321585,573640
3,45698,322118,574583
3,45728,322347,574999
3,45880,323320,576652
3,45894,323464,576897
3,45913,323583,577111
3,45941,323779,577433
3,45979,324064,577933
3,46020,324357,578469
3,46046,324565,578838
3,46097,324856,579351
3,46133,325097,579776
3,46189,325464,580409
3,46230,325819,581024
3,46296,326287,581854
3,46307,326373,582027
3,46315,326431,582127
3,46340,326609,582456
3,46394,326922,583015
3,46429,327250,583609
3,46579,328363,585579
3,46629,328679,586141
3,46630,328681,586146
3,46635,328697,586180
3,46707,329193,587007
3,46758,329576,587702
3,46778,329705,587961
3,46792,329777,588089
3,47029,331516,591129
3,47045,331593,591254
3,47104,332054,592031
3,47141,332319,592507
3,47145,332335,592535
3,47214,332843,593397
3,47246,333123,593887
3,47248,333144,593920
3,47280,333349,594291
3,47373,333860,595207
3,47393,334001,595462
3,47429,334221,595872
3,47440,334274,595964
3,47492,334575,596483
3,47555,334963,597229
3,47556,334965,597232
3,47688,335990,599013
3,47709,336117,599237
3,47720,336212,599404
3,47806,336806,600464
3,47814,336846,600535
3,47841,337053,600915
3,47868,337309,601402
3,47878,337368,601511
3,47909,337596,601929
3,47965,338032,602681
3,47997,338319,603167
3,48011,338439,603379
3,48024,338513,603511
3,48044,338657,603787
3,48066,338830,604084
3,48075,338890,604176
3,48141,339381,605015
3,48151,339431,605105
3,48195,339758,605721
3,48219,340009,606179
3,48238,340165,606458
3,48251,340247,606592
3,48255,340260,606615
3,48301,340524,607052
3,48334,340774,607499
3,48361,340923,607739
3,48363,340950,607786
3,48367,340976,607836
3,48372,340994,607871
3,48434,341440,608642
3,48444,341531,608811
3,48453,341560,608862
3,48483,341834,609289
3,48501,342012,609596
3,48509,342056,609661
3,48569,342385,610241
3,48652,342875,611101
3,48666,342970,611280
3,48684,343096,611489
3,48748,343541,612278
3,48758,343631,612430
3,48790,343827,612784
3,48853,344330,613667
3,48875,344501,613973
3,48993,345440,615660
3,49008,345570,615886
3,49040,345852,616374
3,49070,346058,616757
3,49149,346650,617848
3,49180,346891,618272
3,49206,347093,618651
3,49232,347257,618955
3,49280,347613,619565
3,49298,347724,619758
3,49308,347787,619868
3,49362,348154,620508
3,49363,348158,620517
3,49398,348472,621076
3,49438,348729,621544
3,49467,348998,622016
3,49485,349093,622175
3,49488,349130,622233
3,49532,349442,622792
3,49545,349514,622910
3,49561,349600,623059
3,49565,349628,623106
3,49570,349661,623172
3,49616,349923,623606
3,49669,350258,624241
3,49701,350505,624719
3,49716,350604,624895
3,49756,350885,625384
3,49817,351383,626292
3,49836,351533,626594
3,49865,351708,626891
3,49921,352101,627589
3,49927,352132,627652
3,49943,352206,627773
3,49949,352260,627870
3,49950,352274,627899
3,50048,352989,629228
3,50056,353031,629288
3,50065,353095,629395
3,50074,353161,629516
3,50159,353693,630472
3,50228,354189,631355
3,50259,354402,631717
3,50282,354523,631945
3,50286,354546,631980
3,50290,354583,632047
3,50346,355007,632820
3,50414,355553,633804
3,50450,355762,634154
3,50521,356229,634956
3,50537,356410,635270
3,50605,356886,636100
3,50622,357039,636351
3,50645,357187,636604
3,50665,357344,636891
3,50669,357393,636980
3,50791,358312,638636
3,50802,358388,638765
3,50839,358631,639225
3,50871,358854,639612
3,50893,359073,639998
3,50920,359244,640330
3,51081,360427,642469
3,51100,360536,642671
3,51101,360538,642674
3,51143,360895,643356
3,51215,361444,644391
3,51230,361582,644634
3,51242,361650,644756
3,51247,361692,644830
3,51265,361779,644976
3,51326,362233,645785
3,51333,362272,645849
3,51355,362429,646150
3,51367,362534,646346
3,51393,362711,646640
3,51419,362973,647121
3,51421,362978,647129
3,51433,363081,647321
3,51441,363115,647370
3,51449,363168,647458
3,51508,363664,648375
3,51538,363874,648756
3,51667,364767,650329
3,51683,364851,650475
3,51695,364910,650571
3,51755,365271,651247
3,51778,365415,651497
3,51785,365475,651617
3,51786,365491,651641
3,51788,365514,651686
3,51817,365731,652054
3,51825,365758,652097
3,51839,365840,652245
3,51858,365975,652520
3,51952,366647,653761
3,51957,366680,653815
3,52015,367001,654398
3,52020,367027,654452
3,52036,367110,654595
3,52120,367767,655757
3,52121,367775,655769
3,52159,368038,656275
3,52173,368116,656423
3,52181,368155,656488
3,52192,368259,656661
3,52224,368467,657053
3,52362,369403,658783
3,52449,370139,660160
3,52503,370408,660645
3,52529,370585,660972
3,52538,370639,661058
3,52557,370798,661341
3,52566,370864,661471
3,52567,370876,661488
3,52571,370897,661527
3,52583,371026,661753
3,52617,371244,662124
3,52624,371270,662164
3,52672,371593,662720
3,52773,372201,663775
3,52783,372261,663881
3,52869,372913,665065
3,52898,373137,665468
3,52909,373218,665606
3,52944,373414,665956
3,52992,373792,666640
3,53107,374686,668235
3,53147,375038,668849
3,53157,375090,668957
3,53197,375346,669401
3,53210,375444,669559
3,53253,375726,670070
3,53264,375819,670224
3,53268,375854,670285
3,53419,377028,672372
3,53591,378136,674361
3,53636,378461,674911
3,53643,378534,675042
3,53649,378588,675124
3,53663,378757,675402
3,53669,378788,675445
3,53693,379042,675924
3,53743,379422,676641
3,53751,379482,676755
3,53767,379570,676906
3,53779,379645,677027
3,53905,380455,678467
3,53913,380555,678633
3,53963,380909,679260
3,53972,380977,679375
3,53984,381066,679541
3,54034,381395,680160
3,54054,381550,680432
3,54094,381872,681009
3,54097,381888,681043
3,54234,382822,682715
3,54297,383189,683350
3,54390,383928,684636
3,54401,383982,684731
3,54432,384223,685148
3,54451,384383,685446
3,54477,384551,685747
3,54502,384745,686118
3,54547,385065,686675
3,54562,385185,686876
3,54612,385559,687553
3,54674,386028,688375
3,54726,386388,689026
3,54753,386519,689300
3,54769,386614,689487
3,54812,386994,690203
3,54868,387430,690981
3,54890,387550,691214
3,54947,387895,691860
3,54963,388055,692140
3,54964,388070,692162
3,54992,388270,692497
3,55016,388446,692810
3,55095,389018,693856
3,55101,389051,693905
3,55113,389154,694090
3,55189,389741,695109
3,55202,389813,695247
3,55225,390036,695645
3,55248,390217,695974
3,55259,390276,696092
3,55332,390804,697067
3,55396,391240,697844
3,55399,391265,697876
3,55519,392051,699278
3,55537,392149,699443
3,55544,392195,699520
3,55553,392246,699607
3,55661,393071,701026
3,55747,393676,702139
3,55813,394198,703087
3,55839,394373,703387
3,55971,395188,704837
3,55982,395259,704957
3,56033,395578,705558
3,56126,396252,706712
3,56175,396627,707391
3,56199,396813,707716
3,56208,396902,707872
3,56274,397304,708565
3,56318,397633,709128
3,56322,397668,709188
3,56387,398151,710001
3,56434,398436,710518
3,56548,399120,711723
3,56566,399264,711981
3,56662,400028,713351
3,56683,400174,713609
3,56757,400559,714289
3,56761,400600,714361
3,56813,401039,715115
3,56823,401139,715303
3,56830,401190,715404
3,56864,401399,715781
3,56959,402088,717057
3,56974,402203,717266
3,57006,402496,717774
3,57051,402782,718296
3,57076,402993,718672
3,57087,403052,718771
3,57108,403199,719020
3,57126,403314,719213
3,57157,403549,719653
3,57189,403787,720107
3,57243,404185,720759
3,57300,404585,721511
3,57301,404590,721518
3,57308,404637,721608
3,57325,404819,721930
3,57351,404960,722158
3,57358,405018,722250
3,57376,405122,722424
3,57480,405815,723639
3,57486,405849,723696
3,57521,406100,724150
3,57532,406185,724292
3,57535,406240,724389
3,57551,406413,724692
3,57570,406583,725005
3,57620,406887,725490
3,57634,406972,725652
3,57666,407209,726101
3,57704,407480,726581
3,57767,407877,727328
3,57792,408090,727720
3,57834,408397,728243
3,57902,408874,729078
3,57937,409121,729538
3,57962,409310,729842
3,57968,409348,729905
3,57998,409620,730387
3,58002,409628,730401
3,58024,409772,730662
3,58037,409851,730805
3,58055,409973,731014
3,58060,410053,731151
3,58099,410374,731752
3,58137,410711,732325
3,58168,410861,732593
3,58215,411135,733060
3,58304,411668,734050
3,58373,412196,735019
3,58402,412380,735370
3,58433,412611,735780
3,58489,412947,736417
3,58530,413227,736909
3,58640,414049,738312
3,58673,414268,738718
3,58688,414375,738916
3,58693,414403,738970
3,58728,414711,739520
3,58792,415169,740355
3,58801,415213,740426
3,58814,415296,740585
3,58851,415653,741196
3,58900,416047,741931
3,58913,416095,742011
3,58929,416172,742146
3,58940,416290,742343
3,58943,416297,742363
3,58949,416350,742458
3,58968,416469,742654
3,58969,416474,742660
3,58977,416525,742747
3,59001,416696,743055
3,59055,417060,743673
3,59077,417199,743929
3,59141,417627,744683
3,59209,418078,745452
3,59249,418329,745906
3,59251,418339,745919
3,59273,418480,746163
3,59287,418579,746332
3,59288,418580,746333
3,59320,418898,746913
3,59346,419100,747285
3,59365,419231,747524
3,59395,419476,747962
3,59433,419742,748423
3,59472,419943,748773
3,59484,420027,748925
3,59495,420143,749143
3,59545,420441,749706
3,59625,421002,750692
3,59682,421434,751430
3,59705,421579,751665
3,59730,421863,752146
3,59769,422093,752550
3,59899,423153,754440
3,59918,423244,754591
3,59919,423259,754613
3,59934,423385,754845
3,59982,423726,755453
3,60007,423900,755737
3,60018,423945,755811
3,60027,424010,755931
3,60034,424063,756037
3,60080,424321,756504
3,60116,424564,756922
3,60158,424861,757460
3,60230,425362,758355
3,60266,425627,758800
3,60267,425636,758816
3,60349,426177,759832
3,60387,426469,760348
3,60397,426518,760443
3,60424,426820,760965
3,60430,426855,761026
3,60497,427380,761954
3,60536,427657,762433
3,60552,427796,762666
3,60586,428013,763079
3,60624,428224,763487
3,60631,428307,763644
3,60637,428330,763681
3,60683,428678,764294
3,60734,429075,765027
3,60740,429122,765113
3,60744,429168,765206
3,60762,429277,765411
3,60816,429674,766138
3,60862,430020,766745
3,60869,430059,766806
3,60878,430172,767014
3,60882,430204,767076
3,61035,431306,769080
3,61037,431314,769094
3,61040,431323,769114
3,61064,431503,769424
3,61107,431784,769938
3,61119,431925,770194
3,61206,432477,771189
3,61216,432557,771335
3,61269,432937,771997
3,61293,433118,772324
3,61302,433161,772393
3,61317,433232,772523
3,61341,433385,772810
3,61353,433438,772907
3,61403,433926,773741
3,61435,434150,774145
3,61519,434759,775243
3,61528,434833,775375
3,61540,434910,775514
3,61542,434916,775523
3,61553,435007,775680
3,61557,435023,775714
3,61607,435380,776322
3,61697,436043,777484
3,61704,436100,777570
3,61706,436123,777612
3,61740,436400,778085
3,61747,436477,778242
3,61771,436664,778572
3,61786,436750,778699
3,61802,436844,778897
3,61846,437136,779415
3,61850,437173,779483
3,61851,437192,779521
3,61855,437239,779609
3,61887,437430,779946
3,61910,437553,780170
3,61980,437955,780863
3,62013,438195,781307
3,62014,438199,781312
3,62060,438595,782019
3,62106,438973,782718
3,62129,439139,783007
3,62144,439254,783253
3,62184,439445,783591
3,62242,439896,784370
3,62243,439902,784379
3,62275,440132,784813
3,62323,440603,785651
3,62329,440636,785711
3,62347,440720,785867
3,62434,441363,786987
3,62441,441428,787122
3,62488,441826,787834
3,62502,441932,788014
3,62515,442053,788224
3,62544,442242,788557
3,62601,442667,789357
3,62619,442769,789546
3,62730,443601,790971
3,62739,443660,791082
3,62761,443796,791331
3,62796,444060,791810
3,62800,444098,791865
3,62817,444207,792074
3,62862,444509,792589
3,62870,444546,792652
3,62912,445025,793504
3,62993,445564,794485
3,63013,445739,794781
3,63182,446833,796736
3,63194,446902,796865
3,63201,446951,796950
3,63228,447135,797285
3,63254,447320,797632
3,63273,447507,797967
3,63352,448015,798845
3,63419,448458,799617
3,63449,448667,800000
3,63454,448715,800097
3,63463,448790,800223
3,63482,448998,800597
3,63485,449019,800639
3,63500,449107,800794
3,63522,449257,801075
3,63596,449657,801779
3,63820,451121,804438
3,63900,451695,805528
3,63921,451803,805741
3,63954,452016,806121
3,63958,452053,806190
3,64002,452302,806636
3,64009,452357,806750
3,64026,452513,807027
3,64066,452771,807486
3,64101,452976,807842
3,64127,453161,808191
3,64135,453207,808274
3,64139,453237,808328
3,64159,453395,808613
3,64189,453551,808900
3,64256,454045,809770
3,64278,454243,810137
3,64289,454334,810323
3,64376,454982,811475
3,64386,455025,811551
3,64411,455267,811948
3,64440,455501,812377
3,64485,455808,812937
3,64526,456065,813393
3,64531,456095,813452
3,64538,456122,813496
3,64646,456855,814769
3,64701,457308,815586
3,64708,457338,815645
3,64714,457367,815696
3,64746,457609,816149
3,64760,457678,816262
3,64765,457703,816306
3,64939,458862,818354
3,64983,459302,819142
3,65016,459546,819565
3,65072,459932,820226
3,65097,460135,820589
3,65135,460307,820908
3,65170,460569,821384
3,65181,460626,821489
3,65184,460633,821497
3,65201,460729,821658
3,65213,460798,821791
3,65218,460829,821849
3,65220,460839,821862
3,65266,461156,822403
3,65277,461242,822543
3,65282,461300,822635
3,65303,461449,822889
3,65341,461699,823313
3,65352,461762,823433
3,65381,462002,823857
3,65385,462015,823879
3,65393,462098,824018
3,65396,462117,824046
3,65410,462269,824326
3,65433,462446,824658
3,65486,462854,825430
3,65511,463023,825740
3,65578,463452,826481
3,65604,463596,826744
3,65644,463934,827361
3,65677,464136,827731
3,65695,464273,827997
3,65699,464293,828034
3,65721,464488,828376
3,65810,465059,829456
3,65893,465656,830503
3,65915,465788,830733
3,65939,465930,830966
3,65979,466172,831390
3,65990,466232,831497
3,66050,466633,832192
3,66179,467586,833892
3,66293,468348,835193
3,66304,468425,835324
3,66314,468510,835485
3,66319,468552,835581
3,66341,468675,835793
3,66364,468886,836167
3,66378,468969,836313
3,66398,469091,836548
3,66420,469296,836904
3,66486,469765,837746
3,66509,469873,837942
3,66640,471019,840053
3,66649,471087,840180
3,66654,471123,840255
3,66671,471212,840427
3,66693,471361,840708
3,66739,471733,841352
3,66776,471992,841812
3,66794,472105,842007
3,66838,472408,842548
3,66870,472642,842988
